Class,Object,Vertex Count,Triangles,Quads,Pentagons,Hexagons,7+ sided polygons,Total Faces,Face Types
AircraftBuoyant,m1337.obj,201,340,0,0,0,0,340,Triangle
AircraftBuoyant,m1338.obj,8761,16960,0,0,0,0,16960,Triangle
AircraftBuoyant,m1339.obj,1878,6173,0,0,0,0,6173,Triangle
AircraftBuoyant,m1340.obj,778,1457,0,0,0,0,1457,Triangle
AircraftBuoyant,m1341.obj,425,824,0,0,0,0,824,Triangle
AircraftBuoyant,m1342.obj,1252,2305,0,0,0,0,2305,Triangle
AircraftBuoyant,m1343.obj,178,344,0,0,0,0,344,Triangle
AircraftBuoyant,m1344.obj,1093,1930,0,0,0,0,1930,Triangle
AircraftBuoyant,m1345.obj,3174,6000,0,0,0,0,6000,Triangle
AircraftBuoyant,m1346.obj,742,1375,0,0,0,0,1375,Triangle
AircraftBuoyant,m1347.obj,3055,6274,0,0,0,0,6274,Triangle
AircraftBuoyant,m1348.obj,795,1382,0,0,0,0,1382,Triangle
AircraftBuoyant,m1349.obj,432,640,0,0,0,0,640,Triangle
AircraftBuoyant,m1350.obj,1097,1976,0,0,0,0,1976,Triangle
AircraftBuoyant,m1351.obj,12987,24466,0,0,0,0,24466,Triangle
AircraftBuoyant,m1352.obj,3298,6348,0,0,0,0,6348,Triangle
Apartment,D00045.obj,14865,21021,0,0,0,0,21021,Triangle
Apartment,D00086.obj,20493,42064,0,0,0,0,42064,Triangle
Apartment,D00138.obj,10827,21140,0,0,0,0,21140,Triangle
Apartment,D00156.obj,12732,19380,0,0,0,0,19380,Triangle
Apartment,D00310.obj,14464,9480,0,0,0,0,9480,Triangle
Apartment,D00348.obj,2006,3008,0,0,0,0,3008,Triangle
Apartment,D00366.obj,1294,2540,0,0,0,0,2540,Triangle
Apartment,D00478.obj,19857,25206,0,0,0,0,25206,Triangle
Apartment,D00496.obj,7737,2579,0,0,0,0,2579,Triangle
Apartment,D00626.obj,73184,64688,0,0,0,0,64688,Triangle
Apartment,D00639.obj,4849,7980,0,0,0,0,7980,Triangle
Apartment,D00651.obj,12732,19380,0,0,0,0,19380,Triangle
Apartment,D00681.obj,13823,15557,0,0,0,0,15557,Triangle
Apartment,D00780.obj,8240,13684,0,0,0,0,13684,Triangle
Apartment,D00792.obj,1327,1158,0,0,0,0,1158,Triangle
Apartment,D00859.obj,1378,2163,0,0,0,0,2163,Triangle
Apartment,D00860.obj,19857,25206,0,0,0,0,25206,Triangle
Apartment,D00869.obj,4930,9069,0,0,0,0,9069,Triangle
Apartment,D00921.obj,12842,7983,0,0,0,0,7983,Triangle
Apartment,D00953.obj,4158,7140,0,0,0,0,7140,Triangle
Apartment,m463.obj,2022,3672,0,0,0,0,3672,Triangle
Apartment,m464.obj,8301,12810,0,0,0,0,12810,Triangle
Apartment,m465.obj,2335,4363,0,0,0,0,4363,Triangle
AquaticAnimal,m53.obj,18409,34877,0,0,0,0,34877,Triangle
AquaticAnimal,m54.obj,18143,33836,0,0,0,0,33836,Triangle
AquaticAnimal,m55.obj,19505,37072,0,0,0,0,37072,Triangle
AquaticAnimal,m56.obj,5814,10893,0,0,0,0,10893,Triangle
AquaticAnimal,m57.obj,18878,36278,0,0,0,0,36278,Triangle
AquaticAnimal,m58.obj,477,950,0,0,0,0,950,Triangle
AquaticAnimal,m59.obj,44,1680,0,0,0,0,1680,Triangle
AquaticAnimal,m60.obj,1606,3208,0,0,0,0,3208,Triangle
AquaticAnimal,m61.obj,216,337,0,0,0,0,337,Triangle
AquaticAnimal,m62.obj,241,478,0,0,0,0,478,Triangle
AquaticAnimal,m63.obj,1112,1792,0,0,0,0,1792,Triangle
AquaticAnimal,m64.obj,247,444,0,0,0,0,444,Triangle
AquaticAnimal,m65.obj,1004,1930,0,0,0,0,1930,Triangle
AquaticAnimal,m66.obj,4117,8196,0,0,0,0,8196,Triangle
AquaticAnimal,m67.obj,14000,27996,0,0,0,0,27996,Triangle
AquaticAnimal,m68.obj,553,1098,0,0,0,0,1098,Triangle
AquaticAnimal,m69.obj,317,560,0,0,0,0,560,Triangle
AquaticAnimal,m70.obj,320,560,0,0,0,0,560,Triangle
AquaticAnimal,m71.obj,420,836,0,0,0,0,836,Triangle
AquaticAnimal,m72.obj,331,590,0,0,0,0,590,Triangle
AquaticAnimal,m73.obj,285,564,0,0,0,0,564,Triangle
AquaticAnimal,m74.obj,162,336,0,0,0,0,336,Triangle
AquaticAnimal,m75.obj,298,512,0,0,0,0,512,Triangle
AquaticAnimal,m76.obj,1583,3164,0,0,0,0,3164,Triangle
AquaticAnimal,m77.obj,11578,23022,0,0,0,0,23022,Triangle
AquaticAnimal,m78.obj,468,734,0,0,0,0,734,Triangle
AquaticAnimal,m79.obj,166,226,0,0,0,0,226,Triangle
AquaticAnimal,m80.obj,1104,2104,0,0,0,0,2104,Triangle
AquaticAnimal,m81.obj,857,1673,0,0,0,0,1673,Triangle
Bed,D00031.obj,1867,3590,0,0,0,0,3590,Triangle
Bed,D00110.obj,1926,3644,0,0,0,0,3644,Triangle
Bed,D00121.obj,15368,24612,0,0,0,0,24612,Triangle
Bed,D00184.obj,7218,14204,0,0,0,0,14204,Triangle
Bed,D00210.obj,22063,34247,0,0,0,0,34247,Triangle
Bed,D00213.obj,2277,4536,0,0,0,0,4536,Triangle
Bed,D00217.obj,3238,6272,0,0,0,0,6272,Triangle
Bed,D00307.obj,2644,5259,0,0,0,0,5259,Triangle
Bed,D00322.obj,9342,14796,0,0,0,0,14796,Triangle
Bed,D00417.obj,12808,24736,0,0,0,0,24736,Triangle
Bed,D00538.obj,7136,13868,0,0,0,0,13868,Triangle
Bed,D00545.obj,415,838,0,0,0,0,838,Triangle
Bed,D00552.obj,6349,12251,0,0,0,0,12251,Triangle
Bed,D00565.obj,826,1628,0,0,0,0,1628,Triangle
Bed,D00650.obj,3752,7443,0,0,0,0,7443,Triangle
Bed,D00735.obj,453,684,0,0,0,0,684,Triangle
Bed,D00836.obj,1563,3154,0,0,0,0,3154,Triangle
Bed,D00839.obj,16364,32648,0,0,0,0,32648,Triangle
Bed,D00969.obj,13151,23918,0,0,0,0,23918,Triangle
Bed,D00988.obj,768,624,0,0,0,0,624,Triangle
Bed,m945.obj,8116,15659,0,0,0,0,15659,Triangle
Bed,m946.obj,449,644,0,0,0,0,644,Triangle
Bed,m947.obj,441,584,0,0,0,0,584,Triangle
Bed,m948.obj,4597,9038,0,0,0,0,9038,Triangle
Bed,m949.obj,706,1388,0,0,0,0,1388,Triangle
Bed,m950.obj,437,724,0,0,0,0,724,Triangle
Bed,m951.obj,363,572,0,0,0,0,572,Triangle
Bicycle,D00016.obj,2769,5049,0,0,0,0,5049,Triangle
Bicycle,D00033.obj,2192,4448,0,0,0,0,4448,Triangle
Bicycle,D00040.obj,25426,50650,0,0,0,0,50650,Triangle
Bicycle,D00077.obj,16416,32265,0,0,0,0,32265,Triangle
Bicycle,D00078.obj,22674,44740,0,0,0,0,44740,Triangle
Bicycle,D00462.obj,56754,111471,0,0,0,0,111471,Triangle
Bicycle,D00514.obj,6951,12939,0,0,0,0,12939,Triangle
Bicycle,D00536.obj,30832,60488,0,0,0,0,60488,Triangle
Bicycle,D00555.obj,34364,64544,0,0,0,0,64544,Triangle
Bicycle,D00558.obj,19417,37661,0,0,0,0,37661,Triangle
Bicycle,D00567.obj,436,916,0,0,0,0,916,Triangle
Bicycle,D00621.obj,2769,5049,0,0,0,0,5049,Triangle
Bicycle,D00708.obj,22495,44110,0,0,0,0,44110,Triangle
Bicycle,D00750.obj,3053,5484,0,0,0,0,5484,Triangle
Bicycle,D00838.obj,23397,45925,0,0,0,0,45925,Triangle
Bicycle,D00847.obj,22672,44707,0,0,0,0,44707,Triangle
Bicycle,D00904.obj,5354,10548,0,0,0,0,10548,Triangle
Bicycle,D00930.obj,29173,57224,0,0,0,0,57224,Triangle
Bicycle,D00931.obj,32603,64230,0,0,0,0,64230,Triangle
Bicycle,D00974.obj,6045,12065,0,0,0,0,12065,Triangle
Bicycle,m1472.obj,524,846,0,0,0,0,846,Triangle
Bicycle,m1473.obj,2192,4448,0,0,0,0,4448,Triangle
Bicycle,m1475.obj,6049,12065,0,0,0,0,12065,Triangle
Bicycle,m1476.obj,436,916,0,0,0,0,916,Triangle
Bicycle,m1477.obj,22682,44727,0,0,0,0,44727,Triangle
Bicycle,m1478.obj,2769,5049,0,0,0,0,5049,Triangle
Biplane,D00069.obj,3242,6326,0,0,0,0,6326,Triangle
Biplane,D00132.obj,287,348,0,0,0,0,348,Triangle
Biplane,D00178.obj,10942,8057,0,0,0,0,8057,Triangle
Biplane,D00199.obj,2584,3764,0,0,0,0,3764,Triangle
Biplane,D00246.obj,14082,9353,0,0,0,0,9353,Triangle
Biplane,D00276.obj,567,916,0,0,0,0,916,Triangle
Biplane,D00277.obj,22427,41567,0,0,0,0,41567,Triangle
Biplane,D00320.obj,9723,17476,0,0,0,0,17476,Triangle
Biplane,D00373.obj,5941,12536,0,0,0,0,12536,Triangle
Biplane,D00410.obj,2167,4254,0,0,0,0,4254,Triangle
Biplane,D00490.obj,24998,46318,0,0,0,0,46318,Triangle
Biplane,D00515.obj,5381,10522,0,0,0,0,10522,Triangle
Biplane,D00601.obj,18086,36024,0,0,0,0,36024,Triangle
Biplane,D00616.obj,20306,37102,0,0,0,0,37102,Triangle
Biplane,D00632.obj,624,1024,0,0,0,0,1024,Triangle
Biplane,D00634.obj,48973,77264,0,0,0,0,77264,Triangle
Biplane,D00666.obj,469,794,0,0,0,0,794,Triangle
Biplane,D00854.obj,18966,37292,0,0,0,0,37292,Triangle
Biplane,D00890.obj,45079,47490,0,0,0,0,47490,Triangle
Biplane,D00900.obj,27750,49863,0,0,0,0,49863,Triangle
Biplane,m1118.obj,10676,20408,0,0,0,0,20408,Triangle
Biplane,m1119.obj,863,1550,0,0,0,0,1550,Triangle
Biplane,m1120.obj,65722,129881,0,0,0,0,129881,Triangle
Biplane,m1121.obj,1062,1913,0,0,0,0,1913,Triangle
Biplane,m1122.obj,6704,11577,0,0,0,0,11577,Triangle
Biplane,m1123.obj,1015,1756,0,0,0,0,1756,Triangle
Biplane,m1124.obj,390,572,0,0,0,0,572,Triangle
Biplane,m1125.obj,434,656,0,0,0,0,656,Triangle
Biplane,m1126.obj,770,1316,0,0,0,0,1316,Triangle
Biplane,m1127.obj,354,520,0,0,0,0,520,Triangle
Biplane,m1128.obj,718,1232,0,0,0,0,1232,Triangle
Biplane,m1129.obj,3351,6272,0,0,0,0,6272,Triangle
Biplane,m1131.obj,482,768,0,0,0,0,768,Triangle
Biplane,m1132.obj,882,1428,0,0,0,0,1428,Triangle
Biplane,m1133.obj,624,1024,0,0,0,0,1024,Triangle
Biplane,m1134.obj,338,512,0,0,0,0,512,Triangle
Biplane,m1135.obj,264,360,0,0,0,0,360,Triangle
Biplane,m1136.obj,904,1628,0,0,0,0,1628,Triangle
Biplane,m1137.obj,408,524,0,0,0,0,524,Triangle
Biplane,m1138.obj,2050,3586,0,0,0,0,3586,Triangle
Biplane,m1139.obj,2920,4234,0,0,0,0,4234,Triangle
Biplane,m1141.obj,11819,23138,0,0,0,0,23138,Triangle
Biplane,m1143.obj,3336,6570,0,0,0,0,6570,Triangle
Biplane,m1144.obj,3627,6736,0,0,0,0,6736,Triangle
Biplane,m1146.obj,1700,3016,0,0,0,0,3016,Triangle
Bird,D00089.obj,233,462,0,0,0,0,462,Triangle
Bird,D00113.obj,15871,31702,0,0,0,0,31702,Triangle
Bird,D00164.obj,8188,16135,0,0,0,0,16135,Triangle
Bird,D00234.obj,1247,2468,0,0,0,0,2468,Triangle
Bird,D00271.obj,12813,24753,0,0,0,0,24753,Triangle
Bird,D00284.obj,13253,26516,0,0,0,0,26516,Triangle
Bird,D00323.obj,260,364,0,0,0,0,364,Triangle
Bird,D00386.obj,1751,3498,0,0,0,0,3498,Triangle
Bird,D00438.obj,1824,3709,0,0,0,0,3709,Triangle
Bird,D00442.obj,9745,17119,0,0,0,0,17119,Triangle
Bird,D00546.obj,1162,2012,0,0,0,0,2012,Triangle
Bird,D00599.obj,1792,3626,0,0,0,0,3626,Triangle
Bird,D00625.obj,1091,1398,0,0,0,0,1398,Triangle
Bird,D00689.obj,2683,5388,0,0,0,0,5388,Triangle
Bird,D00736.obj,3947,7898,0,0,0,0,7898,Triangle
Bird,D00762.obj,950,1896,0,0,0,0,1896,Triangle
Bird,D00862.obj,757,1507,0,0,0,0,1507,Triangle
Bird,D00922.obj,903,1794,0,0,0,0,1794,Triangle
Bird,D00961.obj,1344,2734,0,0,0,0,2734,Triangle
Bird,D00999.obj,373,744,0,0,0,0,744,Triangle
Bird,m28.obj,6076,11660,0,0,0,0,11660,Triangle
Bird,m29.obj,2972,5878,0,0,0,0,5878,Triangle
Bird,m30.obj,390,800,0,0,0,0,800,Triangle
Bird,m31.obj,1802,3548,0,0,0,0,3548,Triangle
Bird,m32.obj,1129,2246,0,0,0,0,2246,Triangle
Bird,m33.obj,3144,6164,0,0,0,0,6164,Triangle
Bird,m34.obj,233,462,0,0,0,0,462,Triangle
Bird,m35.obj,699,1394,0,0,0,0,1394,Triangle
Bird,m36.obj,1289,2503,0,0,0,0,2503,Triangle
Bird,m37.obj,567,1130,0,0,0,0,1130,Triangle
Bird,m38.obj,464,928,0,0,0,0,928,Triangle
Bird,m39.obj,649,1156,0,0,0,0,1156,Triangle
Bird,m40.obj,2684,5390,0,0,0,0,5390,Triangle
Bird,m41.obj,1824,3709,0,0,0,0,3709,Triangle
Bird,m42.obj,116,265,0,0,0,0,265,Triangle
Bird,m43.obj,41,54,0,0,0,0,54,Triangle
Bird,m44.obj,401,798,0,0,0,0,798,Triangle
Bird,m45.obj,16542,33072,0,0,0,0,33072,Triangle
Bird,m47.obj,101,165,0,0,0,0,165,Triangle
Bird,m48.obj,427,824,0,0,0,0,824,Triangle
Bird,m49.obj,2329,4364,0,0,0,0,4364,Triangle
Bird,m50.obj,93,182,0,0,0,0,182,Triangle
Bird,m51.obj,309,598,0,0,0,0,598,Triangle
Bird,m52.obj,294,560,0,0,0,0,560,Triangle
Bookset,D01009.obj,444,3156,0,0,0,0,3156,Triangle
Bookset,D01013.obj,320,816,0,0,0,0,816,Triangle
Bookset,D01030.obj,208,1152,0,0,0,0,1152,Triangle
Bookset,D01038.obj,2208,14844,0,0,0,0,14844,Triangle
Bookset,D01042.obj,668,2373,0,0,0,0,2373,Triangle
Bookset,D01050.obj,140,780,0,0,0,0,780,Triangle
Bookset,D01065.obj,360,918,0,0,0,0,918,Triangle
Bookset,D01078.obj,1203,6861,0,0,0,0,6861,Triangle
Bookset,D01096.obj,624,2544,0,0,0,0,2544,Triangle
Bookset,D01108.obj,1628,9798,0,0,0,0,9798,Triangle
Bookset,D01109.obj,1203,6861,0,0,0,0,6861,Triangle
Bookset,D01110.obj,166,936,0,0,0,0,936,Triangle
Bookset,D01122.obj,110,624,0,0,0,0,624,Triangle
Bookset,D01135.obj,1645,10185,0,0,0,0,10185,Triangle
Bookset,D01146.obj,2694,7149,0,0,0,0,7149,Triangle
Bookset,D01182.obj,188,1020,0,0,0,0,1020,Triangle
Bookset,D01183.obj,891,3231,0,0,0,0,3231,Triangle
Bookset,D01184.obj,247,1557,0,0,0,0,1557,Triangle
Bookset,D01190.obj,2417,14484,0,0,0,0,14484,Triangle
Bookset,D01199.obj,240,1524,0,0,0,0,1524,Triangle
Bottle,D00020.obj,971,1710,0,0,0,0,1710,Triangle
Bottle,D00123.obj,1067,2044,0,0,0,0,2044,Triangle
Bottle,D00139.obj,2452,4860,0,0,0,0,4860,Triangle
Bottle,D00166.obj,23142,45936,0,0,0,0,45936,Triangle
Bottle,D00176.obj,7138,14272,0,0,0,0,14272,Triangle
Bottle,D00208.obj,2000,3640,0,0,0,0,3640,Triangle
Bottle,D00281.obj,1304,1764,0,0,0,0,1764,Triangle
Bottle,D00311.obj,829,1448,0,0,0,0,1448,Triangle
Bottle,D00347.obj,2426,4438,0,0,0,0,4438,Triangle
Bottle,D00350.obj,569,921,0,0,0,0,921,Triangle
Bottle,D00390.obj,1499,2742,0,0,0,0,2742,Triangle
Bottle,D00451.obj,11448,18236,0,0,0,0,18236,Triangle
Bottle,D00679.obj,12640,23052,0,0,0,0,23052,Triangle
Bottle,D00696.obj,13754,25850,0,0,0,0,25850,Triangle
Bottle,D00711.obj,192,336,0,0,0,0,336,Triangle
Bottle,D00716.obj,446,856,0,0,0,0,856,Triangle
Bottle,D00726.obj,10163,18390,0,0,0,0,18390,Triangle
Bottle,D00892.obj,2474,4940,0,0,0,0,4940,Triangle
Bottle,D00940.obj,737,1242,0,0,0,0,1242,Triangle
Bottle,D00959.obj,479,892,0,0,0,0,892,Triangle
Bottle,m482.obj,542,950,0,0,0,0,950,Triangle
Bottle,m483.obj,371,620,0,0,0,0,620,Triangle
Bottle,m484.obj,460,888,0,0,0,0,888,Triangle
Bottle,m485.obj,526,936,0,0,0,0,936,Triangle
Bottle,m486.obj,2101,3894,0,0,0,0,3894,Triangle
Bottle,m487.obj,133,290,0,0,0,0,290,Triangle
Bottle,m488.obj,144,284,0,0,0,0,284,Triangle
Bottle,m489.obj,558,1055,0,0,0,0,1055,Triangle
Bottle,m490.obj,574,1075,0,0,0,0,1075,Triangle
Bottle,m491.obj,544,997,0,0,0,0,997,Triangle
Bottle,m492.obj,360,724,0,0,0,0,724,Triangle
BuildingNonResidential,m382.obj,252,400,0,0,0,0,400,Triangle
BuildingNonResidential,m383.obj,2328,4460,0,0,0,0,4460,Triangle
BuildingNonResidential,m384.obj,2984,4686,0,0,0,0,4686,Triangle
BuildingNonResidential,m385.obj,674,918,0,0,0,0,918,Triangle
BuildingNonResidential,m386.obj,532,1008,0,0,0,0,1008,Triangle
BuildingNonResidential,m387.obj,844,1668,0,0,0,0,1668,Triangle
BuildingNonResidential,m389.obj,2509,5100,0,0,0,0,5100,Triangle
BuildingNonResidential,m390.obj,40,45,0,0,0,0,45,Triangle
BuildingNonResidential,m391.obj,246,274,0,0,0,0,274,Triangle
BuildingNonResidential,m392.obj,33,80,0,0,0,0,80,Triangle
BuildingNonResidential,m393.obj,241,326,0,0,0,0,326,Triangle
BuildingNonResidential,m394.obj,750,1246,0,0,0,0,1246,Triangle
BuildingNonResidential,m395.obj,630,696,0,0,0,0,696,Triangle
BuildingNonResidential,m396.obj,445,470,0,0,0,0,470,Triangle
BuildingNonResidential,m397.obj,1362,2680,0,0,0,0,2680,Triangle
BuildingNonResidential,m398.obj,498,936,0,0,0,0,936,Triangle
BuildingNonResidential,m399.obj,7530,13536,0,0,0,0,13536,Triangle
BuildingNonResidential,m400.obj,488,840,0,0,0,0,840,Triangle
BuildingNonResidential,m401.obj,6936,13373,0,0,0,0,13373,Triangle
BuildingNonResidential,m402.obj,21288,41661,0,0,0,0,41661,Triangle
BuildingNonResidential,m404.obj,1054,2752,0,0,0,0,2752,Triangle
BuildingNonResidential,m405.obj,21009,41835,0,0,0,0,41835,Triangle
BuildingNonResidential,m406.obj,7328,13892,0,0,0,0,13892,Triangle
BuildingNonResidential,m407.obj,229,404,0,0,0,0,404,Triangle
BuildingNonResidential,m408.obj,1252,2372,0,0,0,0,2372,Triangle
BuildingNonResidential,m409.obj,1509,1988,0,0,0,0,1988,Triangle
BuildingNonResidential,m410.obj,1217,2076,0,0,0,0,2076,Triangle
BuildingNonResidential,m412.obj,1990,2820,0,0,0,0,2820,Triangle
BuildingNonResidential,m413.obj,3749,7282,0,0,0,0,7282,Triangle
BuildingNonResidential,m414.obj,1056,1944,0,0,0,0,1944,Triangle
BuildingNonResidential,m415.obj,508,956,0,0,0,0,956,Triangle
BuildingNonResidential,m416.obj,7056,13542,0,0,0,0,13542,Triangle
BuildingNonResidential,m418.obj,1576,2836,0,0,0,0,2836,Triangle
BuildingNonResidential,m420.obj,7226,12960,0,0,0,0,12960,Triangle
BuildingNonResidential,m421.obj,6853,11000,0,0,0,0,11000,Triangle
BuildingNonResidential,m470.obj,14464,28562,0,0,0,0,28562,Triangle
BuildingNonResidential,m471.obj,118,248,0,0,0,0,248,Triangle
BuildingNonResidential,m472.obj,358,704,0,0,0,0,704,Triangle
BuildingNonResidential,m474.obj,1361,2670,0,0,0,0,2670,Triangle
BuildingNonResidential,m475.obj,112,178,0,0,0,0,178,Triangle
BuildingNonResidential,m477.obj,1047,1708,0,0,0,0,1708,Triangle
BuildingNonResidential,m478.obj,1750,2980,0,0,0,0,2980,Triangle
BuildingNonResidential,m479.obj,648,1056,0,0,0,0,1056,Triangle
BuildingNonResidential,m481.obj,473,760,0,0,0,0,760,Triangle
Bus,D00084.obj,12919,75870,0,0,0,0,75870,Triangle
Bus,D00114.obj,7643,53259,0,0,0,0,53259,Triangle
Bus,D00151.obj,9415,54282,0,0,0,0,54282,Triangle
Bus,D00179.obj,5976,42567,0,0,0,0,42567,Triangle
Bus,D00182.obj,13436,86502,0,0,0,0,86502,Triangle
Bus,D00264.obj,11096,67185,0,0,0,0,67185,Triangle
Bus,D00411.obj,4964,34821,0,0,0,0,34821,Triangle
Bus,D00436.obj,4587,29118,0,0,0,0,29118,Triangle
Bus,D00446.obj,4915,28227,0,0,0,0,28227,Triangle
Bus,D00448.obj,7367,42369,0,0,0,0,42369,Triangle
Bus,D00483.obj,6097,25650,0,0,0,0,25650,Triangle
Bus,D00516.obj,4096,24888,0,0,0,0,24888,Triangle
Bus,D00677.obj,11974,65712,0,0,0,0,65712,Triangle
Bus,D00754.obj,8866,59982,0,0,0,0,59982,Triangle
Bus,D00769.obj,8963,56925,0,0,0,0,56925,Triangle
Bus,D00775.obj,9510,65670,0,0,0,0,65670,Triangle
Bus,D00815.obj,7075,40023,0,0,0,0,40023,Triangle
Bus,D00823.obj,7367,45333,0,0,0,0,45333,Triangle
Bus,D00832.obj,3155,18774,0,0,0,0,18774,Triangle
Bus,D00857.obj,5223,28053,0,0,0,0,28053,Triangle
Car,D00168.obj,4999,8157,0,0,0,0,8157,Triangle
Car,D00236.obj,26709,45234,0,0,0,0,45234,Triangle
Car,D00260.obj,38335,57440,0,0,0,0,57440,Triangle
Car,D00265.obj,4960,9157,0,0,0,0,9157,Triangle
Car,D00299.obj,23527,45452,0,0,0,0,45452,Triangle
Car,D00377.obj,8260,16515,0,0,0,0,16515,Triangle
Car,D00405.obj,62279,24552,0,0,0,0,24552,Triangle
Car,D00452.obj,25495,47667,0,0,0,0,47667,Triangle
Car,D00504.obj,5153,9168,0,0,0,0,9168,Triangle
Car,D00541.obj,2956,4770,0,0,0,0,4770,Triangle
Car,D00618.obj,3506,5877,0,0,0,0,5877,Triangle
Car,D00670.obj,4978,6755,0,0,0,0,6755,Triangle
Car,D00671.obj,29817,37380,0,0,0,0,37380,Triangle
Car,D00724.obj,17676,29905,0,0,0,0,29905,Triangle
Car,D00767.obj,13728,20980,0,0,0,0,20980,Triangle
Car,D00785.obj,7248,11230,0,0,0,0,11230,Triangle
Car,D00793.obj,5322,9907,0,0,0,0,9907,Triangle
Car,D00803.obj,25807,50126,0,0,0,0,50126,Triangle
Car,D00865.obj,15085,24340,0,0,0,0,24340,Triangle
Car,D00976.obj,18122,32782,0,0,0,0,32782,Triangle
Car,m1485.obj,6148,12263,0,0,0,0,12263,Triangle
Car,m1486.obj,5911,11230,0,0,0,0,11230,Triangle
Car,m1487.obj,7454,15436,0,0,0,0,15436,Triangle
Car,m1488.obj,4952,9223,0,0,0,0,9223,Triangle
Car,m1489.obj,1684,3352,0,0,0,0,3352,Triangle
Car,m1490.obj,2868,5566,0,0,0,0,5566,Triangle
Car,m1492.obj,5914,10880,0,0,0,0,10880,Triangle
Car,m1495.obj,6870,13402,0,0,0,0,13402,Triangle
Car,m1496.obj,8404,16736,0,0,0,0,16736,Triangle
Car,m1497.obj,3655,7234,0,0,0,0,7234,Triangle
Car,m1498.obj,5514,10496,0,0,0,0,10496,Triangle
Car,m1499.obj,15465,31807,0,0,0,0,31807,Triangle
Car,m1500.obj,1644,3260,0,0,0,0,3260,Triangle
Car,m1502.obj,4970,7120,0,0,0,0,7120,Triangle
Car,m1503.obj,24786,50685,0,0,0,0,50685,Triangle
Car,m1504.obj,1621,3269,0,0,0,0,3269,Triangle
Car,m1505.obj,10969,21007,0,0,0,0,21007,Triangle
Car,m1506.obj,4284,7879,0,0,0,0,7879,Triangle
Car,m1507.obj,6514,12769,0,0,0,0,12769,Triangle
Car,m1508.obj,4336,10492,0,0,0,0,10492,Triangle
Car,m1509.obj,47558,95017,0,0,0,0,95017,Triangle
Car,m1510.obj,54710,109357,0,0,0,0,109357,Triangle
Car,m1511.obj,10828,20577,0,0,0,0,20577,Triangle
Car,m1512.obj,6816,11468,0,0,0,0,11468,Triangle
Car,m1513.obj,13106,20844,0,0,0,0,20844,Triangle
Car,m1514.obj,18662,36856,0,0,0,0,36856,Triangle
Car,m1515.obj,250,391,0,0,0,0,391,Triangle
Car,m1516.obj,12279,24863,0,0,0,0,24863,Triangle
Car,m1517.obj,3956,7448,0,0,0,0,7448,Triangle
Car,m1518.obj,7486,14482,0,0,0,0,14482,Triangle
Car,m1519.obj,4275,7958,0,0,0,0,7958,Triangle
Car,m1521.obj,308,580,0,0,0,0,580,Triangle
Car,m1522.obj,2676,4713,0,0,0,0,4713,Triangle
Car,m1523.obj,1830,3640,0,0,0,0,3640,Triangle
Car,m1524.obj,1517,3014,0,0,0,0,3014,Triangle
Car,m1525.obj,10545,21450,0,0,0,0,21450,Triangle
Car,m1526.obj,320,560,0,0,0,0,560,Triangle
Car,m1527.obj,7315,14450,0,0,0,0,14450,Triangle
Car,m1528.obj,18656,37254,0,0,0,0,37254,Triangle
Car,m1529.obj,4168,7412,0,0,0,0,7412,Triangle
Car,m1530.obj,1268,2286,0,0,0,0,2286,Triangle
Car,m1531.obj,2170,4060,0,0,0,0,4060,Triangle
Car,m1532.obj,132,134,0,0,0,0,134,Triangle
Car,m1533.obj,7374,14462,0,0,0,0,14462,Triangle
Car,m1535.obj,15178,29304,0,0,0,0,29304,Triangle
Car,m1536.obj,1503,3653,0,0,0,0,3653,Triangle
Car,m1538.obj,1830,3640,0,0,0,0,3640,Triangle
Car,m1539.obj,8254,16515,0,0,0,0,16515,Triangle
Car,m1540.obj,8492,16860,0,0,0,0,16860,Triangle
Car,m1542.obj,4384,7414,0,0,0,0,7414,Triangle
Car,m1543.obj,386,548,0,0,0,0,548,Triangle
Car,m1544.obj,60326,116378,0,0,0,0,116378,Triangle
Car,m1545.obj,8278,14914,0,0,0,0,14914,Triangle
Car,m1546.obj,9068,15012,0,0,0,0,15012,Triangle
Car,m1547.obj,249,440,0,0,0,0,440,Triangle
Car,m1548.obj,8278,14914,0,0,0,0,14914,Triangle
Car,m1550.obj,9369,17526,0,0,0,0,17526,Triangle
Car,m1551.obj,18528,35465,0,0,0,0,35465,Triangle
Car,m1552.obj,5247,10474,0,0,0,0,10474,Triangle
Car,m1553.obj,1239,1915,0,0,0,0,1915,Triangle
Car,m1555.obj,16607,30255,0,0,0,0,30255,Triangle
Car,m1556.obj,35131,119540,0,0,0,0,119540,Triangle
Car,m1557.obj,8489,16656,0,0,0,0,16656,Triangle
Car,m1558.obj,6943,11791,0,0,0,0,11791,Triangle
Car,m1559.obj,15606,30000,0,0,0,0,30000,Triangle
Car,m1560.obj,21686,43584,0,0,0,0,43584,Triangle
Car,m1561.obj,332,558,0,0,0,0,558,Triangle
Car,m1562.obj,12016,21840,0,0,0,0,21840,Triangle
Car,m1563.obj,616,1110,0,0,0,0,1110,Triangle
Cellphone,D00018.obj,14103,26960,0,0,0,0,26960,Triangle
Cellphone,D00032.obj,3500,2481,0,0,0,0,2481,Triangle
Cellphone,D00079.obj,20212,36972,0,0,0,0,36972,Triangle
Cellphone,D00152.obj,44041,74103,0,0,0,0,74103,Triangle
Cellphone,D00192.obj,1230,2380,0,0,0,0,2380,Triangle
Cellphone,D00248.obj,5754,11460,0,0,0,0,11460,Triangle
Cellphone,D00312.obj,1012,644,0,0,0,0,644,Triangle
Cellphone,D00327.obj,6318,11987,0,0,0,0,11987,Triangle
Cellphone,D00362.obj,29805,53829,0,0,0,0,53829,Triangle
Cellphone,D00369.obj,926,1735,0,0,0,0,1735,Triangle
Cellphone,D00440.obj,763,1422,0,0,0,0,1422,Triangle
Cellphone,D00527.obj,8796,16102,0,0,0,0,16102,Triangle
Cellphone,D00542.obj,16185,59840,0,0,0,0,59840,Triangle
Cellphone,D00554.obj,14822,14376,0,0,0,0,14376,Triangle
Cellphone,D00559.obj,3120,5956,0,0,0,0,5956,Triangle
Cellphone,D00817.obj,5206,9766,0,0,0,0,9766,Triangle
Cellphone,D00848.obj,9745,18396,0,0,0,0,18396,Triangle
Cellphone,D00902.obj,2408,4580,0,0,0,0,4580,Triangle
Cellphone,D00979.obj,3120,5956,0,0,0,0,5956,Triangle
Cellphone,D00997.obj,4796,8564,0,0,0,0,8564,Triangle
Chess,D01017.obj,380,756,0,0,0,0,756,Triangle
Chess,D01019.obj,416,828,0,0,0,0,828,Triangle
Chess,D01021.obj,1474,2944,0,0,0,0,2944,Triangle
Chess,D01043.obj,389,772,0,0,0,0,772,Triangle
Chess,D01045.obj,1542,3080,0,0,0,0,3080,Triangle
Chess,D01049.obj,214,419,0,0,0,0,419,Triangle
Chess,D01053.obj,89,168,0,0,0,0,168,Triangle
Chess,D01080.obj,250,496,0,0,0,0,496,Triangle
Chess,D01081.obj,6727,13450,0,0,0,0,13450,Triangle
Chess,D01099.obj,2386,4750,0,0,0,0,4750,Triangle
Chess,D01105.obj,282,560,0,0,0,0,560,Triangle
Chess,D01112.obj,1182,2360,0,0,0,0,2360,Triangle
Chess,D01123.obj,390,776,0,0,0,0,776,Triangle
Chess,D01126.obj,802,1600,0,0,0,0,1600,Triangle
Chess,D01130.obj,1282,2600,0,0,0,0,2600,Triangle
Chess,D01138.obj,416,828,0,0,0,0,828,Triangle
Chess,D01145.obj,390,776,0,0,0,0,776,Triangle
Chess,D01171.obj,4002,8000,0,0,0,0,8000,Triangle
Chess,D01186.obj,154,304,0,0,0,0,304,Triangle
Chess,D01188.obj,242,480,0,0,0,0,480,Triangle
Chess,m1589.obj,3782,7218,0,0,0,0,7218,Triangle
Chess,m1591.obj,7339,14472,0,0,0,0,14472,Triangle
Chess,m1593.obj,25650,50984,0,0,0,0,50984,Triangle
Chess,m1595.obj,60671,121343,0,0,0,0,121343,Triangle
Chess,m1596.obj,16803,32997,0,0,0,0,32997,Triangle
Chess,m1598.obj,1182,2360,0,0,0,0,2360,Triangle
Chess,m1599.obj,250,496,0,0,0,0,496,Triangle
Chess,m1600.obj,416,828,0,0,0,0,828,Triangle
Chess,m1601.obj,6727,13450,0,0,0,0,13450,Triangle
Chess,m1602.obj,1542,3080,0,0,0,0,3080,Triangle
Chess,m1603.obj,389,772,0,0,0,0,772,Triangle
Chess,m1604.obj,214,419,0,0,0,0,419,Triangle
Chess,m1605.obj,89,168,0,0,0,0,168,Triangle
Chess,m1606.obj,2386,4750,0,0,0,0,4750,Triangle
Chess,m1607.obj,802,1600,0,0,0,0,1600,Triangle
Chess,m1608.obj,242,480,0,0,0,0,480,Triangle
Chess,m1609.obj,154,304,0,0,0,0,304,Triangle
Chess,m1610.obj,6094,12184,0,0,0,0,12184,Triangle
Chess,m1611.obj,1474,2944,0,0,0,0,2944,Triangle
Chess,m1612.obj,1282,2600,0,0,0,0,2600,Triangle
Chess,m1613.obj,282,560,0,0,0,0,560,Triangle
Chess,m1614.obj,390,776,0,0,0,0,776,Triangle
City,D01001.obj,6645,7853,0,0,0,0,7853,Triangle
City,D01007.obj,3163,3119,0,0,0,0,3119,Triangle
City,D01010.obj,1049,1948,0,0,0,0,1948,Triangle
City,D01018.obj,6529,10335,0,0,0,0,10335,Triangle
City,D01039.obj,1344,2022,0,0,0,0,2022,Triangle
City,D01056.obj,1638,1767,0,0,0,0,1767,Triangle
City,D01066.obj,9894,17091,0,0,0,0,17091,Triangle
City,D01068.obj,5538,9290,0,0,0,0,9290,Triangle
City,D01079.obj,9201,17394,0,0,0,0,17394,Triangle
City,D01090.obj,7089,13409,0,0,0,0,13409,Triangle
City,D01091.obj,1321,2136,0,0,0,0,2136,Triangle
City,D01092.obj,1380,1337,0,0,0,0,1337,Triangle
City,D01101.obj,26070,35805,0,0,0,0,35805,Triangle
City,D01103.obj,2274,3112,0,0,0,0,3112,Triangle
City,D01124.obj,5211,9152,0,0,0,0,9152,Triangle
City,D01133.obj,5804,10712,0,0,0,0,10712,Triangle
City,D01173.obj,2341,4217,0,0,0,0,4217,Triangle
City,D01181.obj,5137,5327,0,0,0,0,5327,Triangle
City,D01192.obj,14752,16111,0,0,0,0,16111,Triangle
City,D01195.obj,16857,16061,0,0,0,0,16061,Triangle
City,m1652.obj,2274,2938,0,0,0,0,2938,Triangle
City,m1654.obj,5538,9290,0,0,0,0,9290,Triangle
City,m1659.obj,5804,10692,0,0,0,0,10692,Triangle
City,m1660.obj,2341,4217,0,0,0,0,4217,Triangle
City,m1661.obj,1344,2022,0,0,0,0,2022,Triangle
City,m1662.obj,9201,17394,0,0,0,0,17394,Triangle
City,m1664.obj,1049,1891,0,0,0,0,1891,Triangle
ClassicPiano,D00005.obj,626,3708,0,0,0,0,3708,Triangle
ClassicPiano,D00009.obj,2027,11958,0,0,0,0,11958,Triangle
ClassicPiano,D00034.obj,1611,10902,0,0,0,0,10902,Triangle
ClassicPiano,D00092.obj,5901,33381,0,0,0,0,33381,Triangle
ClassicPiano,D00120.obj,231,1311,0,0,0,0,1311,Triangle
ClassicPiano,D00190.obj,1572,10371,0,0,0,0,10371,Triangle
ClassicPiano,D00233.obj,5205,27690,0,0,0,0,27690,Triangle
ClassicPiano,D00254.obj,1335,8016,0,0,0,0,8016,Triangle
ClassicPiano,D00279.obj,7253,43107,0,0,0,0,43107,Triangle
ClassicPiano,D00305.obj,1711,10353,0,0,0,0,10353,Triangle
ClassicPiano,D00314.obj,6800,31047,0,0,0,0,31047,Triangle
ClassicPiano,D00561.obj,1826,9165,0,0,0,0,9165,Triangle
ClassicPiano,D00579.obj,2369,12150,0,0,0,0,12150,Triangle
ClassicPiano,D00605.obj,8121,47805,0,0,0,0,47805,Triangle
ClassicPiano,D00784.obj,5131,31437,0,0,0,0,31437,Triangle
ClassicPiano,D00789.obj,3136,15573,0,0,0,0,15573,Triangle
ClassicPiano,D00811.obj,615,3606,0,0,0,0,3606,Triangle
ClassicPiano,D00845.obj,750,3345,0,0,0,0,3345,Triangle
ClassicPiano,D00967.obj,4279,8391,0,0,0,0,8391,Triangle
ClassicPiano,D00983.obj,204,954,0,0,0,0,954,Triangle
Computer,D01002.obj,2591,5109,0,0,0,0,5109,Triangle
Computer,D01023.obj,11463,20749,0,0,0,0,20749,Triangle
Computer,D01026.obj,396,760,0,0,0,0,760,Triangle
Computer,D01028.obj,2503,4217,0,0,0,0,4217,Triangle
Computer,D01033.obj,2986,5666,0,0,0,0,5666,Triangle
Computer,D01037.obj,135,400,0,0,0,0,400,Triangle
Computer,D01067.obj,5026,9528,0,0,0,0,9528,Triangle
Computer,D01070.obj,3935,7734,0,0,0,0,7734,Triangle
Computer,D01071.obj,29,43,0,0,0,0,43,Triangle
Computer,D01072.obj,325,618,0,0,0,0,618,Triangle
Computer,D01073.obj,4638,8997,0,0,0,0,8997,Triangle
Computer,D01082.obj,4269,6365,0,0,0,0,6365,Triangle
Computer,D01085.obj,46,76,0,0,0,0,76,Triangle
Computer,D01098.obj,668,1092,0,0,0,0,1092,Triangle
Computer,D01100.obj,2986,5666,0,0,0,0,5666,Triangle
Computer,D01102.obj,28,30,0,0,0,0,30,Triangle
Computer,D01115.obj,8163,11211,0,0,0,0,11211,Triangle
Computer,D01128.obj,17301,34133,0,0,0,0,34133,Triangle
Computer,D01164.obj,2674,5270,0,0,0,0,5270,Triangle
Computer,D01185.obj,270,538,0,0,0,0,538,Triangle
Computer,m1764.obj,668,1092,0,0,0,0,1092,Triangle
Computer,m1765.obj,28,30,0,0,0,0,30,Triangle
Computer,m1766.obj,29,43,0,0,0,0,43,Triangle
Computer,m1767.obj,2591,5109,0,0,0,0,5109,Triangle
Computer,m1769.obj,46,76,0,0,0,0,76,Triangle
Computer,m1770.obj,2986,5666,0,0,0,0,5666,Triangle
Computer,m1772.obj,17301,34133,0,0,0,0,34133,Triangle
Computer,m1773.obj,2503,4217,0,0,0,0,4217,Triangle
Computer,m1774.obj,284,740,0,0,0,0,740,Triangle
Computer,m1775.obj,396,760,0,0,0,0,760,Triangle
Computer,m1776.obj,270,538,0,0,0,0,538,Triangle
Computer,m1777.obj,325,618,0,0,0,0,618,Triangle
Computer,m1778.obj,5026,9528,0,0,0,0,9528,Triangle
ComputerKeyboard,D00116.obj,805,4113,0,0,0,0,4113,Triangle
ComputerKeyboard,D00127.obj,706,3360,0,0,0,0,3360,Triangle
ComputerKeyboard,D00197.obj,6987,38268,0,0,0,0,38268,Triangle
ComputerKeyboard,D00278.obj,1043,5118,0,0,0,0,5118,Triangle
ComputerKeyboard,D00360.obj,6193,35826,0,0,0,0,35826,Triangle
ComputerKeyboard,D00382.obj,8346,40758,0,0,0,0,40758,Triangle
ComputerKeyboard,D00420.obj,11072,45807,0,0,0,0,45807,Triangle
ComputerKeyboard,D00493.obj,1300,7944,0,0,0,0,7944,Triangle
ComputerKeyboard,D00525.obj,8309,26043,0,0,0,0,26043,Triangle
ComputerKeyboard,D00569.obj,348,2076,0,0,0,0,2076,Triangle
ComputerKeyboard,D00597.obj,8460,50064,0,0,0,0,50064,Triangle
ComputerKeyboard,D00600.obj,1837,10497,0,0,0,0,10497,Triangle
ComputerKeyboard,D00627.obj,6564,38160,0,0,0,0,38160,Triangle
ComputerKeyboard,D00654.obj,1179,7401,0,0,0,0,7401,Triangle
ComputerKeyboard,D00673.obj,1002,4008,0,0,0,0,4008,Triangle
ComputerKeyboard,D00676.obj,7956,42939,0,0,0,0,42939,Triangle
ComputerKeyboard,D00692.obj,4176,31218,0,0,0,0,31218,Triangle
ComputerKeyboard,D00805.obj,6954,40641,0,0,0,0,40641,Triangle
ComputerKeyboard,D00905.obj,1282,7680,0,0,0,0,7680,Triangle
ComputerKeyboard,D00990.obj,1646,9150,0,0,0,0,9150,Triangle
Cup,D00035.obj,235,884,0,0,0,0,884,Triangle
Cup,D00067.obj,353,702,0,0,0,0,702,Triangle
Cup,D00174.obj,12252,24500,0,0,0,0,24500,Triangle
Cup,D00206.obj,2092,3770,0,0,0,0,3770,Triangle
Cup,D00214.obj,395,786,0,0,0,0,786,Triangle
Cup,D00270.obj,2687,5022,0,0,0,0,5022,Triangle
Cup,D00328.obj,2827,5231,0,0,0,0,5231,Triangle
Cup,D00355.obj,7114,14224,0,0,0,0,14224,Triangle
Cup,D00363.obj,5433,6976,0,0,0,0,6976,Triangle
Cup,D00457.obj,10872,21740,0,0,0,0,21740,Triangle
Cup,D00463.obj,4710,9420,0,0,0,0,9420,Triangle
Cup,D00519.obj,856,888,0,0,0,0,888,Triangle
Cup,D00550.obj,13747,24928,0,0,0,0,24928,Triangle
Cup,D00587.obj,7102,14200,0,0,0,0,14200,Triangle
Cup,D00638.obj,6786,13568,0,0,0,0,13568,Triangle
Cup,D00642.obj,1686,3036,0,0,0,0,3036,Triangle
Cup,D00738.obj,10318,20331,0,0,0,0,20331,Triangle
Cup,D00843.obj,9127,16832,0,0,0,0,16832,Triangle
Cup,D00874.obj,2296,3748,0,0,0,0,3748,Triangle
Cup,D00882.obj,1553,3102,0,0,0,0,3102,Triangle
Cup,m494.obj,770,1536,0,0,0,0,1536,Triangle
Cup,m495.obj,1401,2750,0,0,0,0,2750,Triangle
Cup,m496.obj,502,1000,0,0,0,0,1000,Triangle
Cup,m497.obj,3008,6012,0,0,0,0,6012,Triangle
Cup,m498.obj,380,720,0,0,0,0,720,Triangle
Cup,m499.obj,339,636,0,0,0,0,636,Triangle
Cup,m500.obj,71,138,0,0,0,0,138,Triangle
Cup,m501.obj,1072,2000,0,0,0,0,2000,Triangle
Cup,m502.obj,752,1500,0,0,0,0,1500,Triangle
Cup,m526.obj,120,226,0,0,0,0,226,Triangle
DeskLamp,D00048.obj,4189,6976,0,0,0,0,6976,Triangle
DeskLamp,D00090.obj,6516,11216,0,0,0,0,11216,Triangle
DeskLamp,D00147.obj,503,836,0,0,0,0,836,Triangle
DeskLamp,D00257.obj,2208,4366,0,0,0,0,4366,Triangle
DeskLamp,D00268.obj,1868,3672,0,0,0,0,3672,Triangle
DeskLamp,D00330.obj,13579,18523,0,0,0,0,18523,Triangle
DeskLamp,D00378.obj,69,116,0,0,0,0,116,Triangle
DeskLamp,D00435.obj,2252,4476,0,0,0,0,4476,Triangle
DeskLamp,D00455.obj,7627,15060,0,0,0,0,15060,Triangle
DeskLamp,D00531.obj,2300,4546,0,0,0,0,4546,Triangle
DeskLamp,D00547.obj,22837,45584,0,0,0,0,45584,Triangle
DeskLamp,D00686.obj,3558,6901,0,0,0,0,6901,Triangle
DeskLamp,D00693.obj,655,1224,0,0,0,0,1224,Triangle
DeskLamp,D00698.obj,615,1044,0,0,0,0,1044,Triangle
DeskLamp,D00715.obj,1964,3916,0,0,0,0,3916,Triangle
DeskLamp,D00744.obj,21616,38066,0,0,0,0,38066,Triangle
DeskLamp,D00759.obj,5982,11780,0,0,0,0,11780,Triangle
DeskLamp,D00776.obj,1001,1972,0,0,0,0,1972,Triangle
DeskLamp,D00797.obj,14960,28504,0,0,0,0,28504,Triangle
DeskLamp,D00912.obj,10656,8640,0,0,0,0,8640,Triangle
DeskLamp,m603.obj,166,320,0,0,0,0,320,Triangle
DeskLamp,m604.obj,1316,2333,0,0,0,0,2333,Triangle
DeskLamp,m605.obj,531,1300,0,0,0,0,1300,Triangle
DeskLamp,m606.obj,87,145,0,0,0,0,145,Triangle
DeskLamp,m608.obj,699,1314,0,0,0,0,1314,Triangle
DeskLamp,m609.obj,1137,2234,0,0,0,0,2234,Triangle
DeskLamp,m611.obj,87,200,0,0,0,0,200,Triangle
DeskLamp,m613.obj,136,200,0,0,0,0,200,Triangle
DeskLamp,m614.obj,336,684,0,0,0,0,684,Triangle
DeskLamp,m615.obj,2689,5410,0,0,0,0,5410,Triangle
DeskLamp,m616.obj,14129,28358,0,0,0,0,28358,Triangle
DeskPhone,D00118.obj,12443,21950,0,0,0,0,21950,Triangle
DeskPhone,D00135.obj,531,848,0,0,0,0,848,Triangle
DeskPhone,D00154.obj,17247,22944,0,0,0,0,22944,Triangle
DeskPhone,D00220.obj,3924,7780,0,0,0,0,7780,Triangle
DeskPhone,D00316.obj,48093,94497,0,0,0,0,94497,Triangle
DeskPhone,D00318.obj,4313,8494,0,0,0,0,8494,Triangle
DeskPhone,D00403.obj,27361,54523,0,0,0,0,54523,Triangle
DeskPhone,D00486.obj,1699,3314,0,0,0,0,3314,Triangle
DeskPhone,D00511.obj,31349,60638,0,0,0,0,60638,Triangle
DeskPhone,D00556.obj,586,1108,0,0,0,0,1108,Triangle
DeskPhone,D00576.obj,13619,26647,0,0,0,0,26647,Triangle
DeskPhone,D00680.obj,820,1508,0,0,0,0,1508,Triangle
DeskPhone,D00706.obj,44937,51962,0,0,0,0,51962,Triangle
DeskPhone,D00773.obj,23711,42664,0,0,0,0,42664,Triangle
DeskPhone,D00829.obj,3870,7692,0,0,0,0,7692,Triangle
DeskPhone,D00894.obj,880,1678,0,0,0,0,1678,Triangle
DeskPhone,D00897.obj,27510,53857,0,0,0,0,53857,Triangle
DeskPhone,D00899.obj,39872,79652,0,0,0,0,79652,Triangle
DeskPhone,D00957.obj,14677,28992,0,0,0,0,28992,Triangle
DeskPhone,D00958.obj,11731,16509,0,0,0,0,16509,Triangle
Door,D01005.obj,6044,11464,0,0,0,0,11464,Triangle
Door,D01029.obj,456,894,0,0,0,0,894,Triangle
Door,D01052.obj,676,1314,0,0,0,0,1314,Triangle
Door,D01058.obj,858,1617,0,0,0,0,1617,Triangle
Door,D01062.obj,128,252,0,0,0,0,252,Triangle
Door,D01076.obj,1724,3468,0,0,0,0,3468,Triangle
Door,D01104.obj,871,1772,0,0,0,0,1772,Triangle
Door,D01114.obj,1336,2620,0,0,0,0,2620,Triangle
Door,D01121.obj,16,16,0,0,0,0,16,Triangle
Door,D01129.obj,2695,4338,0,0,0,0,4338,Triangle
Door,D01136.obj,716,1328,0,0,0,0,1328,Triangle
Door,D01139.obj,31,29,0,0,0,0,29,Triangle
Door,D01141.obj,2447,4410,0,0,0,0,4410,Triangle
Door,D01143.obj,48,72,0,0,0,0,72,Triangle
Door,D01144.obj,68,132,0,0,0,0,132,Triangle
Door,D01155.obj,128,183,0,0,0,0,183,Triangle
Door,D01158.obj,716,1446,0,0,0,0,1446,Triangle
Door,D01167.obj,124,252,0,0,0,0,252,Triangle
Door,D01177.obj,88,98,0,0,0,0,98,Triangle
Door,D01194.obj,18,18,0,0,0,0,18,Triangle
Door,m1707.obj,456,894,0,0,0,0,894,Triangle
Door,m1708.obj,16,16,0,0,0,0,16,Triangle
Door,m1710.obj,522,988,0,0,0,0,988,Triangle
Door,m1711.obj,68,132,0,0,0,0,132,Triangle
Door,m1712.obj,1724,3468,0,0,0,0,3468,Triangle
Door,m1713.obj,6044,11464,0,0,0,0,11464,Triangle
Door,m1714.obj,871,1772,0,0,0,0,1772,Triangle
Door,m1715.obj,676,1314,0,0,0,0,1314,Triangle
Door,m1716.obj,2447,4410,0,0,0,0,4410,Triangle
Door,m1717.obj,858,1617,0,0,0,0,1617,Triangle
Door,m1718.obj,2695,4338,0,0,0,0,4338,Triangle
Door,m1720.obj,716,1328,0,0,0,0,1328,Triangle
Door,m1721.obj,716,1446,0,0,0,0,1446,Triangle
Door,m1722.obj,1336,2620,0,0,0,0,2620,Triangle
Door,m1723.obj,128,252,0,0,0,0,252,Triangle
Door,m1724.obj,124,252,0,0,0,0,252,Triangle
Door,m1725.obj,3232,6406,0,0,0,0,6406,Triangle
Door,m1726.obj,128,183,0,0,0,0,183,Triangle
Door,m1727.obj,3724,7332,0,0,0,0,7332,Triangle
Door,m1728.obj,2018,3790,0,0,0,0,3790,Triangle
Door,m1729.obj,336,564,0,0,0,0,564,Triangle
Door,m1730.obj,336,564,0,0,0,0,564,Triangle
Door,m1731.obj,1974,4084,0,0,0,0,4084,Triangle
Door,m1732.obj,300,575,0,0,0,0,575,Triangle
Drum,D00026.obj,5506,32619,0,0,0,0,32619,Triangle
Drum,D00063.obj,1800,7752,0,0,0,0,7752,Triangle
Drum,D00115.obj,36,204,0,0,0,0,204,Triangle
Drum,D00163.obj,8433,37275,0,0,0,0,37275,Triangle
Drum,D00189.obj,651,3894,0,0,0,0,3894,Triangle
Drum,D00193.obj,1800,11628,0,0,0,0,11628,Triangle
Drum,D00297.obj,5561,33351,0,0,0,0,33351,Triangle
Drum,D00298.obj,1609,9414,0,0,0,0,9414,Triangle
Drum,D00308.obj,168,1128,0,0,0,0,1128,Triangle
Drum,D00375.obj,4790,30513,0,0,0,0,30513,Triangle
Drum,D00383.obj,360,1362,0,0,0,0,1362,Triangle
Drum,D00404.obj,1296,8244,0,0,0,0,8244,Triangle
Drum,D00551.obj,240,1572,0,0,0,0,1572,Triangle
Drum,D00557.obj,444,2754,0,0,0,0,2754,Triangle
Drum,D00596.obj,169,1329,0,0,0,0,1329,Triangle
Drum,D00709.obj,102,132,0,0,0,0,132,Triangle
Drum,D00939.obj,5390,33603,0,0,0,0,33603,Triangle
Drum,D00951.obj,7993,50202,0,0,0,0,50202,Triangle
Drum,D00980.obj,5653,33699,0,0,0,0,33699,Triangle
Drum,D00982.obj,1835,11316,0,0,0,0,11316,Triangle
Fish,D00012.obj,4240,6966,0,0,0,0,6966,Triangle
Fish,D00022.obj,3912,6524,0,0,0,0,6524,Triangle
Fish,D00024.obj,3952,6672,0,0,0,0,6672,Triangle
Fish,D00030.obj,3760,6304,0,0,0,0,6304,Triangle
Fish,D00142.obj,3048,5286,0,0,0,0,5286,Triangle
Fish,D00165.obj,4264,7130,0,0,0,0,7130,Triangle
Fish,D00251.obj,4006,6628,0,0,0,0,6628,Triangle
Fish,D00293.obj,4072,6838,0,0,0,0,6838,Triangle
Fish,D00351.obj,3206,5549,0,0,0,0,5549,Triangle
Fish,D00398.obj,3820,6412,0,0,0,0,6412,Triangle
Fish,D00450.obj,3784,6348,0,0,0,0,6348,Triangle
Fish,D00535.obj,3934,6652,0,0,0,0,6652,Triangle
Fish,D00633.obj,3712,6334,0,0,0,0,6334,Triangle
Fish,D00636.obj,3374,5704,0,0,0,0,5704,Triangle
Fish,D00643.obj,3928,6526,0,0,0,0,6526,Triangle
Fish,D00682.obj,3980,6672,0,0,0,0,6672,Triangle
Fish,D00748.obj,5046,8098,0,0,0,0,8098,Triangle
Fish,D00763.obj,4122,6824,0,0,0,0,6824,Triangle
Fish,D00850.obj,4382,7318,0,0,0,0,7318,Triangle
Fish,D00950.obj,3427,5798,0,0,0,0,5798,Triangle
FloorLamp,D00028.obj,871,1376,0,0,0,0,1376,Triangle
FloorLamp,D00093.obj,3756,7472,0,0,0,0,7472,Triangle
FloorLamp,D00186.obj,7694,15316,0,0,0,0,15316,Triangle
FloorLamp,D00211.obj,5097,9970,0,0,0,0,9970,Triangle
FloorLamp,D00228.obj,1322,2632,0,0,0,0,2632,Triangle
FloorLamp,D00388.obj,3767,7212,0,0,0,0,7212,Triangle
FloorLamp,D00400.obj,14213,18962,0,0,0,0,18962,Triangle
FloorLamp,D00408.obj,4018,6750,0,0,0,0,6750,Triangle
FloorLamp,D00447.obj,4911,8434,0,0,0,0,8434,Triangle
FloorLamp,D00495.obj,4282,8487,0,0,0,0,8487,Triangle
FloorLamp,D00563.obj,11136,26964,0,0,0,0,26964,Triangle
FloorLamp,D00580.obj,39647,46682,0,0,0,0,46682,Triangle
FloorLamp,D00740.obj,1128,2240,0,0,0,0,2240,Triangle
FloorLamp,D00856.obj,3339,6672,0,0,0,0,6672,Triangle
FloorLamp,D00875.obj,15152,30052,0,0,0,0,30052,Triangle
FloorLamp,D00876.obj,14464,28920,0,0,0,0,28920,Triangle
FloorLamp,D00888.obj,1819,3632,0,0,0,0,3632,Triangle
FloorLamp,D00924.obj,17626,34872,0,0,0,0,34872,Triangle
FloorLamp,D00955.obj,8300,16560,0,0,0,0,16560,Triangle
FloorLamp,D00981.obj,454,816,0,0,0,0,816,Triangle
FloorLamp,m617.obj,4440,8828,0,0,0,0,8828,Triangle
FloorLamp,m618.obj,1622,3232,0,0,0,0,3232,Triangle
FloorLamp,m619.obj,361,696,0,0,0,0,696,Triangle
FloorLamp,m620.obj,5584,11058,0,0,0,0,11058,Triangle
FloorLamp,m621.obj,778,1528,0,0,0,0,1528,Triangle
FloorLamp,m622.obj,54,88,0,0,0,0,88,Triangle
FloorLamp,m623.obj,78,120,0,0,0,0,120,Triangle
FloorLamp,m624.obj,46,76,0,0,0,0,76,Triangle
Glasses,D00050.obj,6852,11300,0,0,0,0,11300,Triangle
Glasses,D00201.obj,6519,12656,0,0,0,0,12656,Triangle
Glasses,D00225.obj,1524,3000,0,0,0,0,3000,Triangle
Glasses,D00432.obj,408,700,0,0,0,0,700,Triangle
Glasses,D00475.obj,1566,3092,0,0,0,0,3092,Triangle
Glasses,D00507.obj,6852,11300,0,0,0,0,11300,Triangle
Glasses,D00560.obj,4230,8368,0,0,0,0,8368,Triangle
Glasses,D00575.obj,17472,32776,0,0,0,0,32776,Triangle
Glasses,D00630.obj,3019,5960,0,0,0,0,5960,Triangle
Glasses,D00640.obj,13986,25604,0,0,0,0,25604,Triangle
Glasses,D00656.obj,220,868,0,0,0,0,868,Triangle
Glasses,D00660.obj,10770,18568,0,0,0,0,18568,Triangle
Glasses,D00717.obj,1836,3624,0,0,0,0,3624,Triangle
Glasses,D00730.obj,3334,6336,0,0,0,0,6336,Triangle
Glasses,D00813.obj,696,1364,0,0,0,0,1364,Triangle
Glasses,D00816.obj,15752,30220,0,0,0,0,30220,Triangle
Glasses,D00877.obj,2864,5414,0,0,0,0,5414,Triangle
Glasses,D00883.obj,2804,5504,0,0,0,0,5504,Triangle
Glasses,D00937.obj,312,280,0,0,0,0,280,Triangle
Glasses,D00994.obj,2199,4312,0,0,0,0,4312,Triangle
Guitar,D00023.obj,3655,7019,0,0,0,0,7019,Triangle
Guitar,D00041.obj,28373,50370,0,0,0,0,50370,Triangle
Guitar,D00076.obj,8889,17465,0,0,0,0,17465,Triangle
Guitar,D00097.obj,270,448,0,0,0,0,448,Triangle
Guitar,D00124.obj,2013,2871,0,0,0,0,2871,Triangle
Guitar,D00222.obj,1068,1998,0,0,0,0,1998,Triangle
Guitar,D00232.obj,7781,12087,0,0,0,0,12087,Triangle
Guitar,D00335.obj,32795,64993,0,0,0,0,64993,Triangle
Guitar,D00374.obj,1491,2575,0,0,0,0,2575,Triangle
Guitar,D00414.obj,947,1397,0,0,0,0,1397,Triangle
Guitar,D00416.obj,4694,9011,0,0,0,0,9011,Triangle
Guitar,D00461.obj,8636,16932,0,0,0,0,16932,Triangle
Guitar,D00464.obj,3016,5657,0,0,0,0,5657,Triangle
Guitar,D00494.obj,32748,47406,0,0,0,0,47406,Triangle
Guitar,D00534.obj,1864,3600,0,0,0,0,3600,Triangle
Guitar,D00549.obj,10340,20236,0,0,0,0,20236,Triangle
Guitar,D00645.obj,1033,1932,0,0,0,0,1932,Triangle
Guitar,D00655.obj,8251,11008,0,0,0,0,11008,Triangle
Guitar,D00844.obj,9253,13769,0,0,0,0,13769,Triangle
Guitar,D00849.obj,29495,58093,0,0,0,0,58093,Triangle
Gun,D00103.obj,1931,1654,0,0,0,0,1654,Triangle
Gun,D00137.obj,5308,10332,0,0,0,0,10332,Triangle
Gun,D00140.obj,4462,8734,0,0,0,0,8734,Triangle
Gun,D00153.obj,364,704,0,0,0,0,704,Triangle
Gun,D00161.obj,302,572,0,0,0,0,572,Triangle
Gun,D00204.obj,5558,10640,0,0,0,0,10640,Triangle
Gun,D00207.obj,16366,31917,0,0,0,0,31917,Triangle
Gun,D00209.obj,6826,6484,0,0,0,0,6484,Triangle
Gun,D00239.obj,2121,4229,0,0,0,0,4229,Triangle
Gun,D00244.obj,299,558,0,0,0,0,558,Triangle
Gun,D00282.obj,3835,7618,0,0,0,0,7618,Triangle
Gun,D00368.obj,4651,9270,0,0,0,0,9270,Triangle
Gun,D00425.obj,10850,21237,0,0,0,0,21237,Triangle
Gun,D00477.obj,2147,3772,0,0,0,0,3772,Triangle
Gun,D00606.obj,3338,6668,0,0,0,0,6668,Triangle
Gun,D00802.obj,300,564,0,0,0,0,564,Triangle
Gun,D00819.obj,17257,34169,0,0,0,0,34169,Triangle
Gun,D00826.obj,11855,23596,0,0,0,0,23596,Triangle
Gun,D00929.obj,1026,1394,0,0,0,0,1394,Triangle
Gun,D00972.obj,28870,56646,0,0,0,0,56646,Triangle
Gun,m648.obj,1238,2428,0,0,0,0,2428,Triangle
Gun,m649.obj,1094,1945,0,0,0,0,1945,Triangle
Gun,m650.obj,1460,2464,0,0,0,0,2464,Triangle
Gun,m651.obj,91,130,0,0,0,0,130,Triangle
Gun,m652.obj,4950,10198,0,0,0,0,10198,Triangle
Gun,m653.obj,2162,4300,0,0,0,0,4300,Triangle
Gun,m654.obj,1064,2088,0,0,0,0,2088,Triangle
Gun,m655.obj,364,704,0,0,0,0,704,Triangle
Gun,m656.obj,15763,31098,0,0,0,0,31098,Triangle
Gun,m657.obj,18283,36520,0,0,0,0,36520,Triangle
Gun,m658.obj,293,560,0,0,0,0,560,Triangle
Gun,m659.obj,1181,2291,0,0,0,0,2291,Triangle
Gun,m660.obj,1085,3260,0,0,0,0,3260,Triangle
Gun,m661.obj,370,668,0,0,0,0,668,Triangle
Gun,m662.obj,460,828,0,0,0,0,828,Triangle
Gun,m663.obj,502,922,0,0,0,0,922,Triangle
Gun,m664.obj,4651,9270,0,0,0,0,9270,Triangle
Gun,m665.obj,1847,3500,0,0,0,0,3500,Triangle
Gun,m666.obj,13440,26860,0,0,0,0,26860,Triangle
Gun,m667.obj,767,1500,0,0,0,0,1500,Triangle
Gun,m668.obj,1414,2538,0,0,0,0,2538,Triangle
Gun,m669.obj,1070,1832,0,0,0,0,1832,Triangle
Gun,m670.obj,3285,6538,0,0,0,0,6538,Triangle
Gun,m671.obj,1190,2302,0,0,0,0,2302,Triangle
Gun,m672.obj,140,252,0,0,0,0,252,Triangle
Gun,m674.obj,7722,15199,0,0,0,0,15199,Triangle
Gun,m675.obj,438,640,0,0,0,0,640,Triangle
Gun,m676.obj,485,910,0,0,0,0,910,Triangle
Gun,m677.obj,3330,6623,0,0,0,0,6623,Triangle
Gun,m678.obj,1305,2216,0,0,0,0,2216,Triangle
Gun,m679.obj,2003,3774,0,0,0,0,3774,Triangle
Gun,m680.obj,2823,5500,0,0,0,0,5500,Triangle
Gun,m681.obj,630,1160,0,0,0,0,1160,Triangle
Gun,m682.obj,550,926,0,0,0,0,926,Triangle
Gun,m683.obj,502,932,0,0,0,0,932,Triangle
Gun,m684.obj,27919,55732,0,0,0,0,55732,Triangle
Gun,m685.obj,280,550,0,0,0,0,550,Triangle
Gun,m686.obj,879,1721,0,0,0,0,1721,Triangle
Hand,D01006.obj,7929,15855,0,0,0,0,15855,Triangle
Hand,D01020.obj,8524,17044,0,0,0,0,17044,Triangle
Hand,D01022.obj,799,1710,0,0,0,0,1710,Triangle
Hand,D01024.obj,114,204,0,0,0,0,204,Triangle
Hand,D01041.obj,1546,2878,0,0,0,0,2878,Triangle
Hand,D01060.obj,1521,2828,0,0,0,0,2828,Triangle
Hand,D01074.obj,421,837,0,0,0,0,837,Triangle
Hand,D01093.obj,8471,16938,0,0,0,0,16938,Triangle
Hand,D01097.obj,6191,12378,0,0,0,0,12378,Triangle
Hand,D01106.obj,2248,4466,0,0,0,0,4466,Triangle
Hand,D01117.obj,6038,12072,0,0,0,0,12072,Triangle
Hand,D01118.obj,1557,3110,0,0,0,0,3110,Triangle
Hand,D01153.obj,25001,49998,0,0,0,0,49998,Triangle
Hand,D01162.obj,1198,2392,0,0,0,0,2392,Triangle
Hand,D01170.obj,1547,3090,0,0,0,0,3090,Triangle
Hand,D01172.obj,43386,86361,0,0,0,0,86361,Triangle
Hand,D01193.obj,386,768,0,0,0,0,768,Triangle
Hand,D01197.obj,7112,14220,0,0,0,0,14220,Triangle
Hand,D01198.obj,1925,3846,0,0,0,0,3846,Triangle
Hand,D01200.obj,7314,14624,0,0,0,0,14624,Triangle
Hand,m323.obj,43386,86361,0,0,0,0,86361,Triangle
Hand,m324.obj,25001,49998,0,0,0,0,49998,Triangle
Hand,m325.obj,1546,2878,0,0,0,0,2878,Triangle
Hand,m326.obj,1521,2828,0,0,0,0,2828,Triangle
Hand,m327.obj,386,768,0,0,0,0,768,Triangle
Hand,m328.obj,6038,12072,0,0,0,0,12072,Triangle
Hand,m329.obj,6191,12378,0,0,0,0,12378,Triangle
Hand,m330.obj,799,1710,0,0,0,0,1710,Triangle
Hand,m331.obj,421,837,0,0,0,0,837,Triangle
Hand,m332.obj,1198,2392,0,0,0,0,2392,Triangle
Hand,m333.obj,1023,2042,0,0,0,0,2042,Triangle
Hand,m334.obj,114,204,0,0,0,0,204,Triangle
Hand,m335.obj,7929,15855,0,0,0,0,15855,Triangle
Hand,m336.obj,1557,3110,0,0,0,0,3110,Triangle
Hand,m337.obj,1925,3846,0,0,0,0,3846,Triangle
Hand,m338.obj,1547,3090,0,0,0,0,3090,Triangle
Hand,m339.obj,2248,4466,0,0,0,0,4466,Triangle
Hat,m1627.obj,1009,1998,0,0,0,0,1998,Triangle
Hat,m1628.obj,958,1500,0,0,0,0,1500,Triangle
Hat,m1629.obj,2388,4284,0,0,0,0,4284,Triangle
Hat,m1630.obj,562,1120,0,0,0,0,1120,Triangle
Hat,m1631.obj,2064,3414,0,0,0,0,3414,Triangle
Hat,m1632.obj,1264,2574,0,0,0,0,2574,Triangle
Hat,m1633.obj,1400,2653,0,0,0,0,2653,Triangle
Hat,m1634.obj,5814,11562,0,0,0,0,11562,Triangle
Hat,m1635.obj,5092,10190,0,0,0,0,10190,Triangle
Hat,m1636.obj,426,848,0,0,0,0,848,Triangle
Hat,m1637.obj,1002,2000,0,0,0,0,2000,Triangle
Hat,m1638.obj,8815,17640,0,0,0,0,17640,Triangle
Hat,m1639.obj,2029,4000,0,0,0,0,4000,Triangle
Hat,m1640.obj,1002,2000,0,0,0,0,2000,Triangle
Hat,m1641.obj,1256,2500,0,0,0,0,2500,Triangle
Helicopter,D00038.obj,13309,25129,0,0,0,0,25129,Triangle
Helicopter,D00191.obj,4498,8476,0,0,0,0,8476,Triangle
Helicopter,D00361.obj,27062,51403,0,0,0,0,51403,Triangle
Helicopter,D00397.obj,5567,7990,0,0,0,0,7990,Triangle
Helicopter,D00423.obj,1362,2668,0,0,0,0,2668,Triangle
Helicopter,D00470.obj,496,923,0,0,0,0,923,Triangle
Helicopter,D00471.obj,10985,20598,0,0,0,0,20598,Triangle
Helicopter,D00473.obj,5823,8027,0,0,0,0,8027,Triangle
Helicopter,D00498.obj,2133,3406,0,0,0,0,3406,Triangle
Helicopter,D00500.obj,9980,16677,0,0,0,0,16677,Triangle
Helicopter,D00502.obj,3716,5138,0,0,0,0,5138,Triangle
Helicopter,D00644.obj,35044,70103,0,0,0,0,70103,Triangle
Helicopter,D00658.obj,2770,4664,0,0,0,0,4664,Triangle
Helicopter,D00751.obj,17617,34164,0,0,0,0,34164,Triangle
Helicopter,D00796.obj,222,368,0,0,0,0,368,Triangle
Helicopter,D00820.obj,2929,4000,0,0,0,0,4000,Triangle
Helicopter,D00868.obj,748,1325,0,0,0,0,1325,Triangle
Helicopter,D00977.obj,5681,8498,0,0,0,0,8498,Triangle
Helicopter,D00986.obj,1176,2060,0,0,0,0,2060,Triangle
Helicopter,D00991.obj,1988,3391,0,0,0,0,3391,Triangle
Helicopter,m1302.obj,1058,1882,0,0,0,0,1882,Triangle
Helicopter,m1304.obj,1066,2094,0,0,0,0,2094,Triangle
Helicopter,m1305.obj,7105,14168,0,0,0,0,14168,Triangle
Helicopter,m1306.obj,8547,17806,0,0,0,0,17806,Triangle
Helicopter,m1307.obj,18454,34708,0,0,0,0,34708,Triangle
Helicopter,m1308.obj,58392,116773,0,0,0,0,116773,Triangle
Helicopter,m1309.obj,2046,3460,0,0,0,0,3460,Triangle
Helicopter,m1310.obj,1362,2668,0,0,0,0,2668,Triangle
Helicopter,m1311.obj,1006,2008,0,0,0,0,2008,Triangle
Helicopter,m1312.obj,222,368,0,0,0,0,368,Triangle
Helicopter,m1313.obj,1610,2952,0,0,0,0,2952,Triangle
Helicopter,m1314.obj,1644,2996,0,0,0,0,2996,Triangle
Helicopter,m1315.obj,510,844,0,0,0,0,844,Triangle
Helicopter,m1316.obj,396,682,0,0,0,0,682,Triangle
Helicopter,m1317.obj,1176,2060,0,0,0,0,2060,Triangle
Helicopter,m1318.obj,1162,2056,0,0,0,0,2056,Triangle
Helicopter,m1319.obj,598,1004,0,0,0,0,1004,Triangle
Helicopter,m1320.obj,7818,14166,0,0,0,0,14166,Triangle
Helicopter,m1321.obj,2752,5138,0,0,0,0,5138,Triangle
Helicopter,m1322.obj,675,1270,0,0,0,0,1270,Triangle
Helicopter,m1323.obj,6136,10656,0,0,0,0,10656,Triangle
Helicopter,m1325.obj,1545,2438,0,0,0,0,2438,Triangle
Helicopter,m1326.obj,1545,2709,0,0,0,0,2709,Triangle
Helicopter,m1327.obj,7851,14167,0,0,0,0,14167,Triangle
Helicopter,m1328.obj,3218,6448,0,0,0,0,6448,Triangle
Helicopter,m1329.obj,665,1242,0,0,0,0,1242,Triangle
Helicopter,m1330.obj,294,578,0,0,0,0,578,Triangle
Helicopter,m1332.obj,496,923,0,0,0,0,923,Triangle
Helicopter,m1333.obj,439,900,0,0,0,0,900,Triangle
Helicopter,m1334.obj,267,524,0,0,0,0,524,Triangle
Helicopter,m1336.obj,1201,2319,0,0,0,0,2319,Triangle
House,D00001.obj,46622,90161,0,0,0,0,90161,Triangle
House,D00044.obj,10202,19412,0,0,0,0,19412,Triangle
House,D00091.obj,617,768,0,0,0,0,768,Triangle
House,D00095.obj,3375,3304,0,0,0,0,3304,Triangle
House,D00286.obj,28479,62973,0,0,0,0,62973,Triangle
House,D00325.obj,10373,16975,0,0,0,0,16975,Triangle
House,D00359.obj,35522,66144,0,0,0,0,66144,Triangle
House,D00389.obj,27493,50407,0,0,0,0,50407,Triangle
House,D00415.obj,25185,46904,0,0,0,0,46904,Triangle
House,D00454.obj,6044,10208,0,0,0,0,10208,Triangle
House,D00568.obj,2852,5384,0,0,0,0,5384,Triangle
House,D00574.obj,15615,68220,0,0,0,0,68220,Triangle
House,D00665.obj,1216,2109,0,0,0,0,2109,Triangle
House,D00873.obj,6380,13009,0,0,0,0,13009,Triangle
House,D00889.obj,2050,2048,0,0,0,0,2048,Triangle
House,D00901.obj,17257,40698,0,0,0,0,40698,Triangle
House,D00903.obj,28137,55333,0,0,0,0,55333,Triangle
House,D00941.obj,8511,15800,0,0,0,0,15800,Triangle
House,D00946.obj,7423,15272,0,0,0,0,15272,Triangle
House,D00965.obj,1752,2800,0,0,0,0,2800,Triangle
House,m423.obj,35,48,0,0,0,0,48,Triangle
House,m429.obj,14312,27982,0,0,0,0,27982,Triangle
House,m430.obj,1686,2832,0,0,0,0,2832,Triangle
House,m431.obj,966,1275,0,0,0,0,1275,Triangle
House,m432.obj,722,1207,0,0,0,0,1207,Triangle
House,m433.obj,2380,4236,0,0,0,0,4236,Triangle
House,m434.obj,22,26,0,0,0,0,26,Triangle
House,m435.obj,119,184,0,0,0,0,184,Triangle
House,m436.obj,220,240,0,0,0,0,240,Triangle
House,m439.obj,356,532,0,0,0,0,532,Triangle
House,m440.obj,411,906,0,0,0,0,906,Triangle
House,m441.obj,2086,2283,0,0,0,0,2283,Triangle
House,m443.obj,284,417,0,0,0,0,417,Triangle
House,m446.obj,20624,35236,0,0,0,0,35236,Triangle
House,m447.obj,1455,2370,0,0,0,0,2370,Triangle
House,m448.obj,762,1502,0,0,0,0,1502,Triangle
House,m449.obj,221,328,0,0,0,0,328,Triangle
House,m451.obj,905,1696,0,0,0,0,1696,Triangle
House,m452.obj,2557,5111,0,0,0,0,5111,Triangle
House,m453.obj,2385,5116,0,0,0,0,5116,Triangle
House,m454.obj,200,216,0,0,0,0,216,Triangle
House,m456.obj,607,703,0,0,0,0,703,Triangle
House,m457.obj,284,417,0,0,0,0,417,Triangle
House,m460.obj,4748,8520,0,0,0,0,8520,Triangle
House,m461.obj,816,1587,0,0,0,0,1587,Triangle
House,m462.obj,25,22,0,0,0,0,22,Triangle
HumanHead,D00013.obj,5244,30981,0,0,0,0,30981,Triangle
HumanHead,D00061.obj,5119,13146,0,0,0,0,13146,Triangle
HumanHead,D00072.obj,5284,31161,0,0,0,0,31161,Triangle
HumanHead,D00106.obj,5276,31296,0,0,0,0,31296,Triangle
HumanHead,D00131.obj,5161,30666,0,0,0,0,30666,Triangle
HumanHead,D00205.obj,1394,6816,0,0,0,0,6816,Triangle
HumanHead,D00313.obj,6146,36864,0,0,0,0,36864,Triangle
HumanHead,D00434.obj,4296,24864,0,0,0,0,24864,Triangle
HumanHead,D00487.obj,3224,19092,0,0,0,0,19092,Triangle
HumanHead,D00488.obj,6211,37047,0,0,0,0,37047,Triangle
HumanHead,D00566.obj,1919,11118,0,0,0,0,11118,Triangle
HumanHead,D00578.obj,7968,47469,0,0,0,0,47469,Triangle
HumanHead,D00591.obj,5167,30336,0,0,0,0,30336,Triangle
HumanHead,D00610.obj,4503,26382,0,0,0,0,26382,Triangle
HumanHead,D00629.obj,3490,19104,0,0,0,0,19104,Triangle
HumanHead,D00653.obj,2885,17058,0,0,0,0,17058,Triangle
HumanHead,D00690.obj,5253,28086,0,0,0,0,28086,Triangle
HumanHead,D00758.obj,959,5589,0,0,0,0,5589,Triangle
HumanHead,D00910.obj,3258,8028,0,0,0,0,8028,Triangle
HumanHead,D00984.obj,2319,13848,0,0,0,0,13848,Triangle
HumanHead,m340.obj,1426,2790,0,0,0,0,2790,Triangle
HumanHead,m341.obj,1884,3604,0,0,0,0,3604,Triangle
HumanHead,m342.obj,1543,2688,0,0,0,0,2688,Triangle
HumanHead,m343.obj,1984,3747,0,0,0,0,3747,Triangle
HumanHead,m344.obj,1996,3564,0,0,0,0,3564,Triangle
HumanHead,m345.obj,2687,4801,0,0,0,0,4801,Triangle
HumanHead,m346.obj,484,919,0,0,0,0,919,Triangle
HumanHead,m347.obj,906,2070,0,0,0,0,2070,Triangle
HumanHead,m348.obj,9166,18008,0,0,0,0,18008,Triangle
HumanHead,m349.obj,26749,51801,0,0,0,0,51801,Triangle
HumanHead,m350.obj,2034,3946,0,0,0,0,3946,Triangle
HumanHead,m351.obj,882,1646,0,0,0,0,1646,Triangle
HumanHead,m352.obj,664,1197,0,0,0,0,1197,Triangle
HumanHead,m353.obj,7896,15788,0,0,0,0,15788,Triangle
HumanHead,m354.obj,216,426,0,0,0,0,426,Triangle
HumanHead,m355.obj,17358,34712,0,0,0,0,34712,Triangle
HumanHead,m356.obj,692,1380,0,0,0,0,1380,Triangle
HumanHead,m357.obj,193,384,0,0,0,0,384,Triangle
HumanHead,m358.obj,1173,2260,0,0,0,0,2260,Triangle
HumanHead,m359.obj,314,615,0,0,0,0,615,Triangle
HumanHead,m360.obj,270,536,0,0,0,0,536,Triangle
HumanHead,m361.obj,295,557,0,0,0,0,557,Triangle
HumanHead,m362.obj,186,360,0,0,0,0,360,Triangle
HumanHead,m363.obj,1884,3604,0,0,0,0,3604,Triangle
HumanHead,m364.obj,263,465,0,0,0,0,465,Triangle
HumanHead,m365.obj,17666,35328,0,0,0,0,35328,Triangle
HumanHead,m366.obj,3009,5951,0,0,0,0,5951,Triangle
HumanHead,m367.obj,977,1852,0,0,0,0,1852,Triangle
HumanHead,m368.obj,2991,5728,0,0,0,0,5728,Triangle
HumanHead,m369.obj,9843,19492,0,0,0,0,19492,Triangle
HumanHead,m370.obj,5641,10543,0,0,0,0,10543,Triangle
Humanoid,m118.obj,472,888,0,0,0,0,888,Triangle
Humanoid,m119.obj,450,837,0,0,0,0,837,Triangle
Humanoid,m120.obj,467,870,0,0,0,0,870,Triangle
Humanoid,m121.obj,471,882,0,0,0,0,882,Triangle
Humanoid,m122.obj,443,830,0,0,0,0,830,Triangle
Humanoid,m123.obj,474,890,0,0,0,0,890,Triangle
Humanoid,m124.obj,473,862,0,0,0,0,862,Triangle
Humanoid,m125.obj,1250,2500,0,0,0,0,2500,Triangle
Humanoid,m126.obj,577,1018,0,0,0,0,1018,Triangle
Humanoid,m128.obj,458,853,0,0,0,0,853,Triangle
Humanoid,m129.obj,1871,8364,0,0,0,0,8364,Triangle
Humanoid,m130.obj,1025,1864,0,0,0,0,1864,Triangle
Humanoid,m131.obj,2012,3012,0,0,0,0,3012,Triangle
Humanoid,m132.obj,2537,4049,0,0,0,0,4049,Triangle
Humanoid,m133.obj,2344,4253,0,0,0,0,4253,Triangle
Humanoid,m134.obj,1962,3615,0,0,0,0,3615,Triangle
Humanoid,m135.obj,498,919,0,0,0,0,919,Triangle
Humanoid,m136.obj,469,869,0,0,0,0,869,Triangle
Humanoid,m137.obj,1636,3254,0,0,0,0,3254,Triangle
Humanoid,m138.obj,7401,14776,0,0,0,0,14776,Triangle
Humanoid,m139.obj,12180,24200,0,0,0,0,24200,Triangle
Humanoid,m140.obj,9061,18110,0,0,0,0,18110,Triangle
Humanoid,m141.obj,2012,3012,0,0,0,0,3012,Triangle
Humanoid,m143.obj,5647,10737,0,0,0,0,10737,Triangle
Humanoid,m144.obj,676,1302,0,0,0,0,1302,Triangle
Humanoid,m145.obj,12758,25506,0,0,0,0,25506,Triangle
Humanoid,m146.obj,2244,3460,0,0,0,0,3460,Triangle
Humanoid,m147.obj,4677,8559,0,0,0,0,8559,Triangle
Humanoid,m148.obj,3964,7707,0,0,0,0,7707,Triangle
Humanoid,m149.obj,17342,34666,0,0,0,0,34666,Triangle
Humanoid,m150.obj,2001,3012,0,0,0,0,3012,Triangle
Humanoid,m151.obj,2996,5954,0,0,0,0,5954,Triangle
Humanoid,m152.obj,10694,20512,0,0,0,0,20512,Triangle
Humanoid,m153.obj,10333,18860,0,0,0,0,18860,Triangle
Humanoid,m154.obj,445,730,0,0,0,0,730,Triangle
Humanoid,m155.obj,1290,2576,0,0,0,0,2576,Triangle
Humanoid,m156.obj,16776,33324,0,0,0,0,33324,Triangle
Humanoid,m157.obj,747,1430,0,0,0,0,1430,Triangle
Humanoid,m158.obj,521,935,0,0,0,0,935,Triangle
Humanoid,m159.obj,533,998,0,0,0,0,998,Triangle
Humanoid,m160.obj,894,1627,0,0,0,0,1627,Triangle
Humanoid,m161.obj,495,839,0,0,0,0,839,Triangle
Humanoid,m162.obj,3581,6988,0,0,0,0,6988,Triangle
Humanoid,m163.obj,120,208,0,0,0,0,208,Triangle
Humanoid,m164.obj,728,1396,0,0,0,0,1396,Triangle
Humanoid,m165.obj,506,1748,0,0,0,0,1748,Triangle
Humanoid,m166.obj,476,1698,0,0,0,0,1698,Triangle
Humanoid,m167.obj,435,856,0,0,0,0,856,Triangle
Humanoid,m168.obj,2640,5476,0,0,0,0,5476,Triangle
Humanoid,m169.obj,1059,2001,0,0,0,0,2001,Triangle
Humanoid,m170.obj,16052,32042,0,0,0,0,32042,Triangle
Humanoid,m171.obj,614,1094,0,0,0,0,1094,Triangle
Humanoid,m172.obj,745,1413,0,0,0,0,1413,Triangle
Humanoid,m173.obj,1003,1702,0,0,0,0,1702,Triangle
Humanoid,m174.obj,1196,2308,0,0,0,0,2308,Triangle
Humanoid,m175.obj,660,1070,0,0,0,0,1070,Triangle
Humanoid,m176.obj,708,1288,0,0,0,0,1288,Triangle
Humanoid,m177.obj,116,185,0,0,0,0,185,Triangle
Humanoid,m178.obj,14603,29202,0,0,0,0,29202,Triangle
Humanoid,m179.obj,10735,21422,0,0,0,0,21422,Triangle
Humanoid,m180.obj,15088,29520,0,0,0,0,29520,Triangle
Humanoid,m181.obj,8520,16916,0,0,0,0,16916,Triangle
Humanoid,m182.obj,11090,22190,0,0,0,0,22190,Triangle
Humanoid,m183.obj,3618,7124,0,0,0,0,7124,Triangle
Humanoid,m184.obj,441,826,0,0,0,0,826,Triangle
Humanoid,m185.obj,493,919,0,0,0,0,919,Triangle
Humanoid,m186.obj,375,564,0,0,0,0,564,Triangle
Humanoid,m187.obj,1618,3128,0,0,0,0,3128,Triangle
Humanoid,m188.obj,1863,3352,0,0,0,0,3352,Triangle
Humanoid,m189.obj,309,526,0,0,0,0,526,Triangle
Humanoid,m190.obj,1022,1773,0,0,0,0,1773,Triangle
Humanoid,m191.obj,124,264,0,0,0,0,264,Triangle
Humanoid,m192.obj,450,837,0,0,0,0,837,Triangle
Humanoid,m193.obj,8622,17298,0,0,0,0,17298,Triangle
Humanoid,m194.obj,2244,3460,0,0,0,0,3460,Triangle
Humanoid,m195.obj,22608,44050,0,0,0,0,44050,Triangle
Humanoid,m196.obj,4049,7763,0,0,0,0,7763,Triangle
Humanoid,m197.obj,2010,3012,0,0,0,0,3012,Triangle
Humanoid,m198.obj,4657,19582,0,0,0,0,19582,Triangle
Humanoid,m199.obj,6540,12936,0,0,0,0,12936,Triangle
Humanoid,m202.obj,148,228,0,0,0,0,228,Triangle
Humanoid,m203.obj,477,922,0,0,0,0,922,Triangle
Humanoid,m204.obj,1224,2338,0,0,0,0,2338,Triangle
Humanoid,m205.obj,662,1236,0,0,0,0,1236,Triangle
Humanoid,m206.obj,3109,6056,0,0,0,0,6056,Triangle
Humanoid,m207.obj,3238,5910,0,0,0,0,5910,Triangle
Humanoid,m208.obj,349,694,0,0,0,0,694,Triangle
Humanoid,m210.obj,210,404,0,0,0,0,404,Triangle
Humanoid,m211.obj,2640,5476,0,0,0,0,5476,Triangle
Humanoid,m212.obj,1290,2576,0,0,0,0,2576,Triangle
Humanoid,m213.obj,409,760,0,0,0,0,760,Triangle
Humanoid,m214.obj,1739,3420,0,0,0,0,3420,Triangle
Humanoid,m215.obj,689,1320,0,0,0,0,1320,Triangle
Humanoid,m216.obj,9272,17495,0,0,0,0,17495,Triangle
Humanoid,m217.obj,955,1835,0,0,0,0,1835,Triangle
Humanoid,m218.obj,947,1862,0,0,0,0,1862,Triangle
Humanoid,m219.obj,178,608,0,0,0,0,608,Triangle
Humanoid,m220.obj,12911,25449,0,0,0,0,25449,Triangle
Humanoid,m221.obj,10576,21105,0,0,0,0,21105,Triangle
Humanoid,m222.obj,17639,34584,0,0,0,0,34584,Triangle
Humanoid,m223.obj,10473,20895,0,0,0,0,20895,Triangle
Humanoid,m224.obj,9660,19219,0,0,0,0,19219,Triangle
Humanoid,m226.obj,6368,12712,0,0,0,0,12712,Triangle
Humanoid,m227.obj,7015,15968,0,0,0,0,15968,Triangle
Humanoid,m228.obj,15201,33262,0,0,0,0,33262,Triangle
Humanoid,m229.obj,18153,35711,0,0,0,0,35711,Triangle
Humanoid,m230.obj,14796,28681,0,0,0,0,28681,Triangle
Humanoid,m231.obj,13022,24954,0,0,0,0,24954,Triangle
Humanoid,m232.obj,429,854,0,0,0,0,854,Triangle
Humanoid,m233.obj,747,1430,0,0,0,0,1430,Triangle
Humanoid,m234.obj,529,992,0,0,0,0,992,Triangle
Humanoid,m235.obj,408,812,0,0,0,0,812,Triangle
Humanoid,m236.obj,2841,5445,0,0,0,0,5445,Triangle
Humanoid,m237.obj,480,956,0,0,0,0,956,Triangle
Humanoid,m238.obj,559,880,0,0,0,0,880,Triangle
Humanoid,m239.obj,551,831,0,0,0,0,831,Triangle
Humanoid,m240.obj,716,1352,0,0,0,0,1352,Triangle
Humanoid,m241.obj,589,874,0,0,0,0,874,Triangle
Humanoid,m242.obj,598,880,0,0,0,0,880,Triangle
Humanoid,m243.obj,568,857,0,0,0,0,857,Triangle
Humanoid,m244.obj,540,840,0,0,0,0,840,Triangle
Humanoid,m245.obj,574,862,0,0,0,0,862,Triangle
Humanoid,m246.obj,583,886,0,0,0,0,886,Triangle
Humanoid,m248.obj,518,897,0,0,0,0,897,Triangle
Humanoid,m249.obj,7970,15874,0,0,0,0,15874,Triangle
Humanoid,m250.obj,10589,20349,0,0,0,0,20349,Triangle
Humanoid,m251.obj,8077,16126,0,0,0,0,16126,Triangle
Humanoid,m252.obj,9698,19304,0,0,0,0,19304,Triangle
Humanoid,m253.obj,11806,23197,0,0,0,0,23197,Triangle
Humanoid,m254.obj,16082,31221,0,0,0,0,31221,Triangle
Humanoid,m255.obj,16870,35325,0,0,0,0,35325,Triangle
Humanoid,m256.obj,7303,14424,0,0,0,0,14424,Triangle
Humanoid,m257.obj,372,721,0,0,0,0,721,Triangle
Humanoid,m258.obj,12410,24119,0,0,0,0,24119,Triangle
Humanoid,m259.obj,402,728,0,0,0,0,728,Triangle
Humanoid,m260.obj,1068,2092,0,0,0,0,2092,Triangle
Humanoid,m261.obj,481,895,0,0,0,0,895,Triangle
Humanoid,m262.obj,470,880,0,0,0,0,880,Triangle
Humanoid,m263.obj,478,899,0,0,0,0,899,Triangle
Humanoid,m264.obj,8798,17547,0,0,0,0,17547,Triangle
Humanoid,m265.obj,16267,32530,0,0,0,0,32530,Triangle
Humanoid,m266.obj,1092,2132,0,0,0,0,2132,Triangle
Insect,D00081.obj,313,578,0,0,0,0,578,Triangle
Insect,D00082.obj,7162,12876,0,0,0,0,12876,Triangle
Insect,D00102.obj,2572,5046,0,0,0,0,5046,Triangle
Insect,D00109.obj,3288,5280,0,0,0,0,5280,Triangle
Insect,D00117.obj,5090,9732,0,0,0,0,9732,Triangle
Insect,D00136.obj,1384,2556,0,0,0,0,2556,Triangle
Insect,D00160.obj,253,458,0,0,0,0,458,Triangle
Insect,D00180.obj,2572,5046,0,0,0,0,5046,Triangle
Insect,D00231.obj,312,570,0,0,0,0,570,Triangle
Insect,D00291.obj,296,528,0,0,0,0,528,Triangle
Insect,D00294.obj,2056,3110,0,0,0,0,3110,Triangle
Insect,D00309.obj,1551,2818,0,0,0,0,2818,Triangle
Insect,D00315.obj,314,572,0,0,0,0,572,Triangle
Insect,D00333.obj,6007,11290,0,0,0,0,11290,Triangle
Insect,D00399.obj,2763,5295,0,0,0,0,5295,Triangle
Insect,D00430.obj,23399,46540,0,0,0,0,46540,Triangle
Insect,D00510.obj,329,550,0,0,0,0,550,Triangle
Insect,D00590.obj,1430,2580,0,0,0,0,2580,Triangle
Insect,D00615.obj,2546,5088,0,0,0,0,5088,Triangle
Insect,D00662.obj,24324,41626,0,0,0,0,41626,Triangle
Insect,D00668.obj,15305,30554,0,0,0,0,30554,Triangle
Insect,D00672.obj,3334,5490,0,0,0,0,5490,Triangle
Insect,D00695.obj,790,1500,0,0,0,0,1500,Triangle
Insect,D00713.obj,1728,6808,0,0,0,0,6808,Triangle
Insect,D00732.obj,12603,23932,0,0,0,0,23932,Triangle
Insect,D00734.obj,1588,2976,0,0,0,0,2976,Triangle
Insect,D00746.obj,4250,8324,0,0,0,0,8324,Triangle
Insect,D00752.obj,12528,25000,0,0,0,0,25000,Triangle
Insect,D00753.obj,10092,19952,0,0,0,0,19952,Triangle
Insect,D00774.obj,1548,2980,0,0,0,0,2980,Triangle
Insect,D00786.obj,2859,5358,0,0,0,0,5358,Triangle
Insect,D00787.obj,562,972,0,0,0,0,972,Triangle
Insect,D00788.obj,6175,9662,0,0,0,0,9662,Triangle
Insect,D00806.obj,309,578,0,0,0,0,578,Triangle
Insect,D00814.obj,1362,2628,0,0,0,0,2628,Triangle
Insect,D00855.obj,299,554,0,0,0,0,554,Triangle
Insect,D00884.obj,24324,41626,0,0,0,0,41626,Triangle
Insect,D00895.obj,4173,15702,0,0,0,0,15702,Triangle
Insect,D00973.obj,7638,15145,0,0,0,0,15145,Triangle
Insect,D00989.obj,313,588,0,0,0,0,588,Triangle
Insect,m0.obj,298,492,0,0,0,0,492,Triangle
Insect,m1.obj,255,410,0,0,0,0,410,Triangle
Insect,m10.obj,1362,2628,0,0,0,0,2628,Triangle
Insect,m11.obj,368,724,0,0,0,0,724,Triangle
Insect,m12.obj,278,500,0,0,0,0,500,Triangle
Insect,m13.obj,491,1087,0,0,0,0,1087,Triangle
Insect,m14.obj,891,1678,0,0,0,0,1678,Triangle
Insect,m15.obj,368,724,0,0,0,0,724,Triangle
Insect,m16.obj,2666,5162,0,0,0,0,5162,Triangle
Insect,m17.obj,1548,2980,0,0,0,0,2980,Triangle
Insect,m18.obj,4250,8324,0,0,0,0,8324,Triangle
Insect,m19.obj,3339,5490,0,0,0,0,5490,Triangle
Insect,m2.obj,3495,6667,0,0,0,0,6667,Triangle
Insect,m20.obj,1624,3042,0,0,0,0,3042,Triangle
Insect,m21.obj,346,556,0,0,0,0,556,Triangle
Insect,m22.obj,333,620,0,0,0,0,620,Triangle
Insect,m23.obj,462,876,0,0,0,0,876,Triangle
Insect,m24.obj,163,284,0,0,0,0,284,Triangle
Insect,m25.obj,1249,2494,0,0,0,0,2494,Triangle
Insect,m26.obj,5266,10274,0,0,0,0,10274,Triangle
Insect,m3.obj,486,912,0,0,0,0,912,Triangle
Insect,m4.obj,4346,8216,0,0,0,0,8216,Triangle
Insect,m6.obj,9184,17998,0,0,0,0,17998,Triangle
Insect,m7.obj,265,506,0,0,0,0,506,Triangle
Insect,m8.obj,423,698,0,0,0,0,698,Triangle
Insect,m9.obj,557,894,0,0,0,0,894,Triangle
Jet,m1147.obj,1149,2320,0,0,0,0,2320,Triangle
Jet,m1149.obj,3003,5874,0,0,0,0,5874,Triangle
Jet,m1150.obj,622,1228,0,0,0,0,1228,Triangle
Jet,m1151.obj,858,1660,0,0,0,0,1660,Triangle
Jet,m1152.obj,3726,6881,0,0,0,0,6881,Triangle
Jet,m1153.obj,743,1478,0,0,0,0,1478,Triangle
Jet,m1154.obj,520,1000,0,0,0,0,1000,Triangle
Jet,m1155.obj,3680,5724,0,0,0,0,5724,Triangle
Jet,m1156.obj,1335,2452,0,0,0,0,2452,Triangle
Jet,m1157.obj,1264,2088,0,0,0,0,2088,Triangle
Jet,m1158.obj,336,588,0,0,0,0,588,Triangle
Jet,m1159.obj,3726,6881,0,0,0,0,6881,Triangle
Jet,m1161.obj,1486,1692,0,0,0,0,1692,Triangle
Jet,m1162.obj,2960,5706,0,0,0,0,5706,Triangle
Jet,m1163.obj,1014,2778,0,0,0,0,2778,Triangle
Jet,m1165.obj,448,768,0,0,0,0,768,Triangle
Jet,m1166.obj,349,772,0,0,0,0,772,Triangle
Jet,m1167.obj,2838,3992,0,0,0,0,3992,Triangle
Jet,m1168.obj,500,1106,0,0,0,0,1106,Triangle
Jet,m1169.obj,1198,2237,0,0,0,0,2237,Triangle
Jet,m1171.obj,3110,5622,0,0,0,0,5622,Triangle
Jet,m1172.obj,1965,4928,0,0,0,0,4928,Triangle
Jet,m1173.obj,2572,4856,0,0,0,0,4856,Triangle
Jet,m1174.obj,281,552,0,0,0,0,552,Triangle
Jet,m1175.obj,2344,4592,0,0,0,0,4592,Triangle
Jet,m1176.obj,213,642,0,0,0,0,642,Triangle
Jet,m1177.obj,507,1010,0,0,0,0,1010,Triangle
Jet,m1178.obj,258,572,0,0,0,0,572,Triangle
Jet,m1179.obj,1203,1994,0,0,0,0,1994,Triangle
Jet,m1180.obj,531,1058,0,0,0,0,1058,Triangle
Jet,m1181.obj,412,816,0,0,0,0,816,Triangle
Jet,m1182.obj,179,354,0,0,0,0,354,Triangle
Jet,m1183.obj,520,780,0,0,0,0,780,Triangle
Jet,m1184.obj,182,382,0,0,0,0,382,Triangle
Jet,m1185.obj,152,338,0,0,0,0,338,Triangle
Jet,m1187.obj,299,596,0,0,0,0,596,Triangle
Jet,m1188.obj,279,538,0,0,0,0,538,Triangle
Jet,m1190.obj,142,318,0,0,0,0,318,Triangle
Jet,m1191.obj,1295,2444,0,0,0,0,2444,Triangle
Jet,m1193.obj,1020,2030,0,0,0,0,2030,Triangle
Jet,m1194.obj,757,1188,0,0,0,0,1188,Triangle
Jet,m1195.obj,340,460,0,0,0,0,460,Triangle
Jet,m1196.obj,523,804,0,0,0,0,804,Triangle
Jet,m1197.obj,235,484,0,0,0,0,484,Triangle
Jet,m1198.obj,224,462,0,0,0,0,462,Triangle
Jet,m1199.obj,602,1136,0,0,0,0,1136,Triangle
Jet,m1200.obj,197,450,0,0,0,0,450,Triangle
Jet,m1201.obj,6769,11310,0,0,0,0,11310,Triangle
Jet,m1202.obj,688,1332,0,0,0,0,1332,Triangle
Jet,m1204.obj,277,588,0,0,0,0,588,Triangle
Jet,m1205.obj,369,556,0,0,0,0,556,Triangle
Jet,m1207.obj,412,669,0,0,0,0,669,Triangle
Jet,m1208.obj,308,519,0,0,0,0,519,Triangle
Jet,m1209.obj,244,480,0,0,0,0,480,Triangle
Jet,m1210.obj,577,1145,0,0,0,0,1145,Triangle
Jet,m1211.obj,486,852,0,0,0,0,852,Triangle
Jet,m1212.obj,1173,2513,0,0,0,0,2513,Triangle
Jet,m1213.obj,254,504,0,0,0,0,504,Triangle
Jet,m1214.obj,887,1752,0,0,0,0,1752,Triangle
Jet,m1215.obj,162,308,0,0,0,0,308,Triangle
Jet,m1216.obj,879,1754,0,0,0,0,1754,Triangle
Jet,m1217.obj,305,594,0,0,0,0,594,Triangle
Jet,m1218.obj,274,400,0,0,0,0,400,Triangle
Jet,m1219.obj,185,364,0,0,0,0,364,Triangle
Jet,m1220.obj,437,862,0,0,0,0,862,Triangle
Jet,m1221.obj,372,688,0,0,0,0,688,Triangle
Jet,m1222.obj,332,612,0,0,0,0,612,Triangle
Jet,m1223.obj,1117,2230,0,0,0,0,2230,Triangle
Jet,m1224.obj,559,944,0,0,0,0,944,Triangle
Jet,m1225.obj,183,340,0,0,0,0,340,Triangle
Jet,m1226.obj,161,318,0,0,0,0,318,Triangle
Jet,m1227.obj,265,324,0,0,0,0,324,Triangle
Jet,m1228.obj,329,368,0,0,0,0,368,Triangle
Jet,m1229.obj,3388,6422,0,0,0,0,6422,Triangle
Jet,m1230.obj,2360,4325,0,0,0,0,4325,Triangle
Jet,m1231.obj,79,130,0,0,0,0,130,Triangle
Jet,m1232.obj,203,418,0,0,0,0,418,Triangle
Jet,m1233.obj,233,516,0,0,0,0,516,Triangle
Jet,m1234.obj,236,492,0,0,0,0,492,Triangle
Jet,m1235.obj,193,376,0,0,0,0,376,Triangle
Jet,m1236.obj,396,828,0,0,0,0,828,Triangle
Jet,m1237.obj,212,480,0,0,0,0,480,Triangle
Jet,m1238.obj,196,396,0,0,0,0,396,Triangle
Jet,m1239.obj,428,676,0,0,0,0,676,Triangle
Jet,m1240.obj,182,378,0,0,0,0,378,Triangle
Jet,m1241.obj,480,720,0,0,0,0,720,Triangle
Jet,m1242.obj,380,608,0,0,0,0,608,Triangle
Jet,m1243.obj,282,596,0,0,0,0,596,Triangle
Jet,m1245.obj,215,426,0,0,0,0,426,Triangle
Jet,m1246.obj,366,784,0,0,0,0,784,Triangle
Jet,m1247.obj,777,1546,0,0,0,0,1546,Triangle
Jet,m1248.obj,296,558,0,0,0,0,558,Triangle
Jet,m1249.obj,310,616,0,0,0,0,616,Triangle
Jet,m1250.obj,2539,4970,0,0,0,0,4970,Triangle
Jet,m1251.obj,1198,2237,0,0,0,0,2237,Triangle
Jet,m1252.obj,3072,4854,0,0,0,0,4854,Triangle
Jet,m1253.obj,348,476,0,0,0,0,476,Triangle
Jet,m1255.obj,3167,6441,0,0,0,0,6441,Triangle
Jet,m1256.obj,9398,18363,0,0,0,0,18363,Triangle
Jet,m1257.obj,8812,17370,0,0,0,0,17370,Triangle
Jet,m1258.obj,2178,3588,0,0,0,0,3588,Triangle
Jet,m1259.obj,6769,11310,0,0,0,0,11310,Triangle
Jet,m1260.obj,6906,14563,0,0,0,0,14563,Triangle
Jet,m1261.obj,431,652,0,0,0,0,652,Triangle
Jet,m1262.obj,646,1032,0,0,0,0,1032,Triangle
Jet,m1263.obj,1244,2092,0,0,0,0,2092,Triangle
Jet,m1264.obj,1144,1996,0,0,0,0,1996,Triangle
Jet,m1265.obj,423,680,0,0,0,0,680,Triangle
Jet,m1266.obj,3408,5808,0,0,0,0,5808,Triangle
Jet,m1267.obj,230,335,0,0,0,0,335,Triangle
Jet,m1268.obj,240,376,0,0,0,0,376,Triangle
Jet,m1269.obj,230,272,0,0,0,0,272,Triangle
Jet,m1270.obj,295,452,0,0,0,0,452,Triangle
Jet,m1271.obj,328,524,0,0,0,0,524,Triangle
Jet,m1273.obj,475,924,0,0,0,0,924,Triangle
Jet,m1274.obj,426,684,0,0,0,0,684,Triangle
Jet,m1275.obj,204,272,0,0,0,0,272,Triangle
Jet,m1276.obj,236,256,0,0,0,0,256,Triangle
Jet,m1277.obj,2239,4224,0,0,0,0,4224,Triangle
Jet,m1278.obj,2304,4344,0,0,0,0,4344,Triangle
Jet,m1279.obj,734,1204,0,0,0,0,1204,Triangle
Jet,m1280.obj,249,324,0,0,0,0,324,Triangle
Jet,m1281.obj,415,692,0,0,0,0,692,Triangle
Jet,m1282.obj,368,608,0,0,0,0,608,Triangle
Jet,m1283.obj,275,368,0,0,0,0,368,Triangle
Jet,m1284.obj,6334,11608,0,0,0,0,11608,Triangle
Jet,m1285.obj,802,1408,0,0,0,0,1408,Triangle
Jet,m1286.obj,334,428,0,0,0,0,428,Triangle
Jet,m1287.obj,714,1188,0,0,0,0,1188,Triangle
Jet,m1288.obj,1502,2674,0,0,0,0,2674,Triangle
Jet,m1289.obj,5078,9746,0,0,0,0,9746,Triangle
Jet,m1290.obj,279,372,0,0,0,0,372,Triangle
Jet,m1291.obj,272,444,0,0,0,0,444,Triangle
Jet,m1292.obj,2911,5036,0,0,0,0,5036,Triangle
Jet,m1293.obj,906,1540,0,0,0,0,1540,Triangle
Jet,m1294.obj,257,352,0,0,0,0,352,Triangle
Jet,m1295.obj,204,244,0,0,0,0,244,Triangle
Jet,m1296.obj,250,408,0,0,0,0,408,Triangle
Jet,m1297.obj,640,1044,0,0,0,0,1044,Triangle
Jet,m1298.obj,301,542,0,0,0,0,542,Triangle
Jet,m1299.obj,210,264,0,0,0,0,264,Triangle
Jet,m1300.obj,39,76,0,0,0,0,76,Triangle
Jet,m1301.obj,74,144,0,0,0,0,144,Triangle
Knife,D01015.obj,886,6330,0,0,0,0,6330,Triangle
Knife,D01025.obj,208,1314,0,0,0,0,1314,Triangle
Knife,D01032.obj,560,3336,0,0,0,0,3336,Triangle
Knife,D01051.obj,683,4839,0,0,0,0,4839,Triangle
Knife,D01054.obj,130,780,0,0,0,0,780,Triangle
Knife,D01057.obj,184,1146,0,0,0,0,1146,Triangle
Knife,D01063.obj,885,5346,0,0,0,0,5346,Triangle
Knife,D01075.obj,726,4374,0,0,0,0,4374,Triangle
Knife,D01077.obj,334,1980,0,0,0,0,1980,Triangle
Knife,D01107.obj,976,5823,0,0,0,0,5823,Triangle
Knife,D01119.obj,113,654,0,0,0,0,654,Triangle
Knife,D01120.obj,132,798,0,0,0,0,798,Triangle
Knife,D01132.obj,1058,5913,0,0,0,0,5913,Triangle
Knife,D01150.obj,287,1704,0,0,0,0,1704,Triangle
Knife,D01160.obj,270,1686,0,0,0,0,1686,Triangle
Knife,D01168.obj,692,4152,0,0,0,0,4152,Triangle
Knife,D01174.obj,808,4794,0,0,0,0,4794,Triangle
Knife,D01175.obj,87,498,0,0,0,0,498,Triangle
Knife,D01187.obj,422,1974,0,0,0,0,1974,Triangle
Knife,D01189.obj,131,846,0,0,0,0,846,Triangle
Knife,m722.obj,812,1520,0,0,0,0,1520,Triangle
Knife,m723.obj,5076,10136,0,0,0,0,10136,Triangle
Knife,m724.obj,262,516,0,0,0,0,516,Triangle
Knife,m725.obj,262,516,0,0,0,0,516,Triangle
Knife,m726.obj,417,817,0,0,0,0,817,Triangle
Knife,m727.obj,681,1346,0,0,0,0,1346,Triangle
Knife,m728.obj,463,818,0,0,0,0,818,Triangle
MilitaryVehicle,D00017.obj,27719,49148,0,0,0,0,49148,Triangle
MilitaryVehicle,D00051.obj,855,1624,0,0,0,0,1624,Triangle
MilitaryVehicle,D00100.obj,3225,5588,0,0,0,0,5588,Triangle
MilitaryVehicle,D00173.obj,17299,24950,0,0,0,0,24950,Triangle
MilitaryVehicle,D00272.obj,15903,30266,0,0,0,0,30266,Triangle
MilitaryVehicle,D00334.obj,20392,9976,0,0,0,0,9976,Triangle
MilitaryVehicle,D00458.obj,17962,34011,0,0,0,0,34011,Triangle
MilitaryVehicle,D00529.obj,38226,74093,0,0,0,0,74093,Triangle
MilitaryVehicle,D00577.obj,25763,42389,0,0,0,0,42389,Triangle
MilitaryVehicle,D00611.obj,2625,4483,0,0,0,0,4483,Triangle
MilitaryVehicle,D00723.obj,16287,25582,0,0,0,0,25582,Triangle
MilitaryVehicle,D00761.obj,7768,15408,0,0,0,0,15408,Triangle
MilitaryVehicle,D00778.obj,4449,7133,0,0,0,0,7133,Triangle
MilitaryVehicle,D00799.obj,719,1342,0,0,0,0,1342,Triangle
MilitaryVehicle,D00801.obj,38911,69397,0,0,0,0,69397,Triangle
MilitaryVehicle,D00918.obj,13914,25812,0,0,0,0,25812,Triangle
MilitaryVehicle,D00932.obj,10050,17224,0,0,0,0,17224,Triangle
MilitaryVehicle,D00933.obj,13652,16891,0,0,0,0,16891,Triangle
MilitaryVehicle,D00952.obj,11929,19260,0,0,0,0,19260,Triangle
MilitaryVehicle,D00971.obj,7344,11866,0,0,0,0,11866,Triangle
Monitor,D00007.obj,1552,2568,0,0,0,0,2568,Triangle
Monitor,D00141.obj,1712,3200,0,0,0,0,3200,Triangle
Monitor,D00229.obj,2929,4986,0,0,0,0,4986,Triangle
Monitor,D00336.obj,9494,15561,0,0,0,0,15561,Triangle
Monitor,D00339.obj,1396,2375,0,0,0,0,2375,Triangle
Monitor,D00364.obj,14887,30258,0,0,0,0,30258,Triangle
Monitor,D00387.obj,20399,37916,0,0,0,0,37916,Triangle
Monitor,D00391.obj,1812,3488,0,0,0,0,3488,Triangle
Monitor,D00412.obj,3149,4890,0,0,0,0,4890,Triangle
Monitor,D00444.obj,10283,19638,0,0,0,0,19638,Triangle
Monitor,D00469.obj,230,444,0,0,0,0,444,Triangle
Monitor,D00548.obj,464,883,0,0,0,0,883,Triangle
Monitor,D00659.obj,171,294,0,0,0,0,294,Triangle
Monitor,D00852.obj,6196,11989,0,0,0,0,11989,Triangle
Monitor,D00863.obj,21122,39768,0,0,0,0,39768,Triangle
Monitor,D00915.obj,5124,9779,0,0,0,0,9779,Triangle
Monitor,D00919.obj,1551,2118,0,0,0,0,2118,Triangle
Monitor,D00920.obj,1315,908,0,0,0,0,908,Triangle
Monitor,D00978.obj,16566,33161,0,0,0,0,33161,Triangle
Monitor,D01000.obj,29914,35688,0,0,0,0,35688,Triangle
Monoplane,D00011.obj,597,1032,0,0,0,0,1032,Triangle
Monoplane,D00019.obj,837,1578,0,0,0,0,1578,Triangle
Monoplane,D00043.obj,338,556,0,0,0,0,556,Triangle
Monoplane,D00098.obj,238,374,0,0,0,0,374,Triangle
Monoplane,D00167.obj,593,1000,0,0,0,0,1000,Triangle
Monoplane,D00169.obj,2983,4146,0,0,0,0,4146,Triangle
Monoplane,D00262.obj,524,868,0,0,0,0,868,Triangle
Monoplane,D00301.obj,1264,2088,0,0,0,0,2088,Triangle
Monoplane,D00304.obj,1521,2704,0,0,0,0,2704,Triangle
Monoplane,D00319.obj,1066,1862,0,0,0,0,1862,Triangle
Monoplane,D00402.obj,393,668,0,0,0,0,668,Triangle
Monoplane,D00482.obj,1672,2768,0,0,0,0,2768,Triangle
Monoplane,D00617.obj,7440,14840,0,0,0,0,14840,Triangle
Monoplane,D00688.obj,5849,10232,0,0,0,0,10232,Triangle
Monoplane,D00798.obj,2337,4152,0,0,0,0,4152,Triangle
Monoplane,D00840.obj,2512,4872,0,0,0,0,4872,Triangle
Monoplane,D00864.obj,627,1061,0,0,0,0,1061,Triangle
Monoplane,D00925.obj,713,1344,0,0,0,0,1344,Triangle
Monoplane,D00963.obj,790,1328,0,0,0,0,1328,Triangle
Monoplane,D00995.obj,586,940,0,0,0,0,940,Triangle
Motorcycle,D00021.obj,9543,18238,0,0,0,0,18238,Triangle
Motorcycle,D00039.obj,18315,36384,0,0,0,0,36384,Triangle
Motorcycle,D00054.obj,5300,9454,0,0,0,0,9454,Triangle
Motorcycle,D00224.obj,3920,7453,0,0,0,0,7453,Triangle
Motorcycle,D00269.obj,3061,5544,0,0,0,0,5544,Triangle
Motorcycle,D00288.obj,6697,12510,0,0,0,0,12510,Triangle
Motorcycle,D00342.obj,35829,64374,0,0,0,0,64374,Triangle
Motorcycle,D00345.obj,18397,33774,0,0,0,0,33774,Triangle
Motorcycle,D00395.obj,7334,12538,0,0,0,0,12538,Triangle
Motorcycle,D00396.obj,3397,6096,0,0,0,0,6096,Triangle
Motorcycle,D00476.obj,25632,45963,0,0,0,0,45963,Triangle
Motorcycle,D00521.obj,16542,32576,0,0,0,0,32576,Triangle
Motorcycle,D00544.obj,12097,22065,0,0,0,0,22065,Triangle
Motorcycle,D00594.obj,12312,22067,0,0,0,0,22067,Triangle
Motorcycle,D00703.obj,46694,90616,0,0,0,0,90616,Triangle
Motorcycle,D00768.obj,9288,18420,0,0,0,0,18420,Triangle
Motorcycle,D00858.obj,25404,28454,0,0,0,0,28454,Triangle
Motorcycle,D00880.obj,5713,11152,0,0,0,0,11152,Triangle
Motorcycle,D00886.obj,15288,29064,0,0,0,0,29064,Triangle
Motorcycle,D00945.obj,4481,4590,0,0,0,0,4590,Triangle
Motorcycle,m1479.obj,12097,22065,0,0,0,0,22065,Triangle
Motorcycle,m1480.obj,9543,18238,0,0,0,0,18238,Triangle
Motorcycle,m1481.obj,547,1036,0,0,0,0,1036,Triangle
Motorcycle,m1482.obj,15291,29064,0,0,0,0,29064,Triangle
Motorcycle,m1483.obj,46407,90616,0,0,0,0,90616,Triangle
Motorcycle,m1484.obj,118,180,0,0,0,0,180,Triangle
Mug,D00172.obj,1800,3440,0,0,0,0,3440,Triangle
Mug,D00202.obj,37360,74720,0,0,0,0,74720,Triangle
Mug,D00227.obj,19611,38444,0,0,0,0,38444,Triangle
Mug,D00321.obj,773,1112,0,0,0,0,1112,Triangle
Mug,D00341.obj,7454,14908,0,0,0,0,14908,Triangle
Mug,D00372.obj,785,1505,0,0,0,0,1505,Triangle
Mug,D00427.obj,5682,10944,0,0,0,0,10944,Triangle
Mug,D00684.obj,1723,3446,0,0,0,0,3446,Triangle
Mug,D00685.obj,5703,11040,0,0,0,0,11040,Triangle
Mug,D00705.obj,4158,7584,0,0,0,0,7584,Triangle
Mug,D00728.obj,9616,18513,0,0,0,0,18513,Triangle
Mug,D00745.obj,3238,6460,0,0,0,0,6460,Triangle
Mug,D00747.obj,15266,30524,0,0,0,0,30524,Triangle
Mug,D00760.obj,3266,6520,0,0,0,0,6520,Triangle
Mug,D00770.obj,3300,6592,0,0,0,0,6592,Triangle
Mug,D00825.obj,1166,1800,0,0,0,0,1800,Triangle
Mug,D00833.obj,2021,3960,0,0,0,0,3960,Triangle
Mug,D00908.obj,1404,1696,0,0,0,0,1696,Triangle
Mug,D00913.obj,7135,13344,0,0,0,0,13344,Triangle
Mug,D00923.obj,738,2874,0,0,0,0,2874,Triangle
Mug,m503.obj,799,1550,0,0,0,0,1550,Triangle
Mug,m504.obj,1725,3450,0,0,0,0,3450,Triangle
Mug,m506.obj,8692,17461,0,0,0,0,17461,Triangle
Mug,m507.obj,3330,6592,0,0,0,0,6592,Triangle
Mug,m508.obj,998,1988,0,0,0,0,1988,Triangle
Mug,m509.obj,5894,11748,0,0,0,0,11748,Triangle
MultiSeat,D00036.obj,144,264,0,0,0,0,264,Triangle
MultiSeat,D00046.obj,1191,2354,0,0,0,0,2354,Triangle
MultiSeat,D00053.obj,3214,2964,0,0,0,0,2964,Triangle
MultiSeat,D00145.obj,168,308,0,0,0,0,308,Triangle
MultiSeat,D00146.obj,21992,43920,0,0,0,0,43920,Triangle
MultiSeat,D00237.obj,1940,3840,0,0,0,0,3840,Triangle
MultiSeat,D00245.obj,1672,3296,0,0,0,0,3296,Triangle
MultiSeat,D00263.obj,41265,80270,0,0,0,0,80270,Triangle
MultiSeat,D00273.obj,27775,55260,0,0,0,0,55260,Triangle
MultiSeat,D00285.obj,3770,7440,0,0,0,0,7440,Triangle
MultiSeat,D00289.obj,12463,24874,0,0,0,0,24874,Triangle
MultiSeat,D00329.obj,540,1064,0,0,0,0,1064,Triangle
MultiSeat,D00586.obj,3922,7796,0,0,0,0,7796,Triangle
MultiSeat,D00588.obj,307,435,0,0,0,0,435,Triangle
MultiSeat,D00607.obj,3156,6272,0,0,0,0,6272,Triangle
MultiSeat,D00637.obj,7542,15019,0,0,0,0,15019,Triangle
MultiSeat,D00648.obj,15181,30300,0,0,0,0,30300,Triangle
MultiSeat,D00652.obj,4607,9182,0,0,0,0,9182,Triangle
MultiSeat,D00749.obj,32736,42729,0,0,0,0,42729,Triangle
MultiSeat,D00985.obj,10614,21196,0,0,0,0,21196,Triangle
MultiSeat,m774.obj,264,448,0,0,0,0,448,Triangle
MultiSeat,m775.obj,545,961,0,0,0,0,961,Triangle
MultiSeat,m776.obj,880,1912,0,0,0,0,1912,Triangle
MultiSeat,m777.obj,1051,1860,0,0,0,0,1860,Triangle
MultiSeat,m778.obj,46,90,0,0,0,0,90,Triangle
MultiSeat,m779.obj,660,1268,0,0,0,0,1268,Triangle
MultiSeat,m780.obj,312,468,0,0,0,0,468,Triangle
MultiSeat,m781.obj,352,508,0,0,0,0,508,Triangle
MultiSeat,m782.obj,40,46,0,0,0,0,46,Triangle
MultiSeat,m783.obj,66,120,0,0,0,0,120,Triangle
MultiSeat,m784.obj,24,36,0,0,0,0,36,Triangle
MultiSeat,m829.obj,540,1032,0,0,0,0,1032,Triangle
MultiSeat,m830.obj,238,420,0,0,0,0,420,Triangle
MultiSeat,m831.obj,448,900,0,0,0,0,900,Triangle
MultiSeat,m832.obj,1970,3398,0,0,0,0,3398,Triangle
MultiSeat,m833.obj,350,549,0,0,0,0,549,Triangle
MultiSeat,m834.obj,164,280,0,0,0,0,280,Triangle
MultiSeat,m835.obj,257,390,0,0,0,0,390,Triangle
MultiSeat,m836.obj,28,44,0,0,0,0,44,Triangle
MultiSeat,m837.obj,15969,31050,0,0,0,0,31050,Triangle
MultiSeat,m838.obj,2162,4292,0,0,0,0,4292,Triangle
MultiSeat,m839.obj,540,1064,0,0,0,0,1064,Triangle
MultiSeat,m840.obj,94,180,0,0,0,0,180,Triangle
MultiSeat,m841.obj,36,68,0,0,0,0,68,Triangle
MultiSeat,m843.obj,8085,15128,0,0,0,0,15128,Triangle
Musical_Instrument,m625.obj,3655,7019,0,0,0,0,7019,Triangle
Musical_Instrument,m626.obj,4500,8660,0,0,0,0,8660,Triangle
Musical_Instrument,m627.obj,7445,13529,0,0,0,0,13529,Triangle
Musical_Instrument,m628.obj,10314,20186,0,0,0,0,20186,Triangle
Musical_Instrument,m629.obj,8225,16090,0,0,0,0,16090,Triangle
Musical_Instrument,m630.obj,4694,9011,0,0,0,0,9011,Triangle
Musical_Instrument,m631.obj,47076,93366,0,0,0,0,93366,Triangle
Musical_Instrument,m632.obj,1033,1932,0,0,0,0,1932,Triangle
Musical_Instrument,m633.obj,524,1728,0,0,0,0,1728,Triangle
Musical_Instrument,m634.obj,1372,2253,0,0,0,0,2253,Triangle
Musical_Instrument,m635.obj,13705,25330,0,0,0,0,25330,Triangle
Musical_Instrument,m637.obj,8636,16931,0,0,0,0,16931,Triangle
Musical_Instrument,m638.obj,3884,7584,0,0,0,0,7584,Triangle
Musical_Instrument,m639.obj,23238,45776,0,0,0,0,45776,Triangle
Musical_Instrument,m640.obj,3712,7346,0,0,0,0,7346,Triangle
Musical_Instrument,m641.obj,1864,3600,0,0,0,0,3600,Triangle
Musical_Instrument,m643.obj,1331,2392,0,0,0,0,2392,Triangle
Musical_Instrument,m644.obj,20116,39589,0,0,0,0,39589,Triangle
Musical_Instrument,m645.obj,362,266,0,0,0,0,266,Triangle
Musical_Instrument,m646.obj,227,358,0,0,0,0,358,Triangle
Musical_Instrument,m647.obj,3645,6480,0,0,0,0,6480,Triangle
NonWheelChair,D00037.obj,2936,5336,0,0,0,0,5336,Triangle
NonWheelChair,D00101.obj,10766,20160,0,0,0,0,20160,Triangle
NonWheelChair,D00170.obj,678,1266,0,0,0,0,1266,Triangle
NonWheelChair,D00185.obj,261,434,0,0,0,0,434,Triangle
NonWheelChair,D00240.obj,1474,2920,0,0,0,0,2920,Triangle
NonWheelChair,D00306.obj,5160,8440,0,0,0,0,8440,Triangle
NonWheelChair,D00357.obj,10676,20200,0,0,0,0,20200,Triangle
NonWheelChair,D00419.obj,20239,33404,0,0,0,0,33404,Triangle
NonWheelChair,D00443.obj,10328,20392,0,0,0,0,20392,Triangle
NonWheelChair,D00445.obj,1882,1356,0,0,0,0,1356,Triangle
NonWheelChair,D00480.obj,5063,10066,0,0,0,0,10066,Triangle
NonWheelChair,D00481.obj,932,364,0,0,0,0,364,Triangle
NonWheelChair,D00512.obj,345,546,0,0,0,0,546,Triangle
NonWheelChair,D00694.obj,730,1412,0,0,0,0,1412,Triangle
NonWheelChair,D00707.obj,2921,2568,0,0,0,0,2568,Triangle
NonWheelChair,D00741.obj,4133,6272,0,0,0,0,6272,Triangle
NonWheelChair,D00853.obj,3512,7012,0,0,0,0,7012,Triangle
NonWheelChair,D00914.obj,1931,3784,0,0,0,0,3784,Triangle
NonWheelChair,D00928.obj,2006,3976,0,0,0,0,3976,Triangle
NonWheelChair,D00936.obj,3120,6196,0,0,0,0,6196,Triangle
NonWheelChair,m785.obj,960,1788,0,0,0,0,1788,Triangle
NonWheelChair,m786.obj,641,1246,0,0,0,0,1246,Triangle
NonWheelChair,m787.obj,1373,2678,0,0,0,0,2678,Triangle
NonWheelChair,m788.obj,320,612,0,0,0,0,612,Triangle
NonWheelChair,m789.obj,2446,4808,0,0,0,0,4808,Triangle
NonWheelChair,m790.obj,2912,5694,0,0,0,0,5694,Triangle
NonWheelChair,m791.obj,2288,4508,0,0,0,0,4508,Triangle
NonWheelChair,m793.obj,81,98,0,0,0,0,98,Triangle
NonWheelChair,m794.obj,678,1232,0,0,0,0,1232,Triangle
NonWheelChair,m795.obj,3018,5984,0,0,0,0,5984,Triangle
NonWheelChair,m796.obj,12172,24253,0,0,0,0,24253,Triangle
NonWheelChair,m797.obj,867,1719,0,0,0,0,1719,Triangle
NonWheelChair,m798.obj,369,599,0,0,0,0,599,Triangle
NonWheelChair,m799.obj,938,1784,0,0,0,0,1784,Triangle
NonWheelChair,m800.obj,116,190,0,0,0,0,190,Triangle
NonWheelChair,m801.obj,8188,16268,0,0,0,0,16268,Triangle
NonWheelChair,m804.obj,326,552,0,0,0,0,552,Triangle
NonWheelChair,m805.obj,151,290,0,0,0,0,290,Triangle
NonWheelChair,m806.obj,472,904,0,0,0,0,904,Triangle
NonWheelChair,m807.obj,104,184,0,0,0,0,184,Triangle
NonWheelChair,m808.obj,842,1344,0,0,0,0,1344,Triangle
NonWheelChair,m809.obj,120,180,0,0,0,0,180,Triangle
NonWheelChair,m810.obj,775,1494,0,0,0,0,1494,Triangle
NonWheelChair,m811.obj,257,434,0,0,0,0,434,Triangle
NonWheelChair,m812.obj,257,434,0,0,0,0,434,Triangle
NonWheelChair,m813.obj,257,434,0,0,0,0,434,Triangle
NonWheelChair,m814.obj,341,546,0,0,0,0,546,Triangle
NonWheelChair,m815.obj,341,546,0,0,0,0,546,Triangle
NonWheelChair,m816.obj,341,546,0,0,0,0,546,Triangle
NonWheelChair,m817.obj,368,688,0,0,0,0,688,Triangle
NonWheelChair,m818.obj,76,120,0,0,0,0,120,Triangle
NonWheelChair,m819.obj,398,664,0,0,0,0,664,Triangle
NonWheelChair,m820.obj,132,208,0,0,0,0,208,Triangle
NonWheelChair,m821.obj,349,680,0,0,0,0,680,Triangle
NonWheelChair,m822.obj,967,1906,0,0,0,0,1906,Triangle
NonWheelChair,m823.obj,440,812,0,0,0,0,812,Triangle
NonWheelChair,m824.obj,678,1266,0,0,0,0,1266,Triangle
NonWheelChair,m826.obj,600,1144,0,0,0,0,1144,Triangle
NonWheelChair,m827.obj,88,132,0,0,0,0,132,Triangle
NonWheelChair,m828.obj,713,1378,0,0,0,0,1378,Triangle
PianoBoard,D00008.obj,2078,12900,0,0,0,0,12900,Triangle
PianoBoard,D00065.obj,1178,6072,0,0,0,0,6072,Triangle
PianoBoard,D00075.obj,1309,7779,0,0,0,0,7779,Triangle
PianoBoard,D00104.obj,1281,7125,0,0,0,0,7125,Triangle
PianoBoard,D00122.obj,1934,10977,0,0,0,0,10977,Triangle
PianoBoard,D00181.obj,9628,47613,0,0,0,0,47613,Triangle
PianoBoard,D00212.obj,3238,33984,0,0,0,0,33984,Triangle
PianoBoard,D00235.obj,1616,10020,0,0,0,0,10020,Triangle
PianoBoard,D00253.obj,719,4338,0,0,0,0,4338,Triangle
PianoBoard,D00332.obj,454,1578,0,0,0,0,1578,Triangle
PianoBoard,D00381.obj,735,5196,0,0,0,0,5196,Triangle
PianoBoard,D00441.obj,538,3234,0,0,0,0,3234,Triangle
PianoBoard,D00460.obj,754,4500,0,0,0,0,4500,Triangle
PianoBoard,D00623.obj,5694,32637,0,0,0,0,32637,Triangle
PianoBoard,D00718.obj,797,4110,0,0,0,0,4110,Triangle
PianoBoard,D00721.obj,1228,7260,0,0,0,0,7260,Triangle
PianoBoard,D00755.obj,8133,49260,0,0,0,0,49260,Triangle
PianoBoard,D00885.obj,6622,38235,0,0,0,0,38235,Triangle
PianoBoard,D00962.obj,793,4866,0,0,0,0,4866,Triangle
PianoBoard,D00966.obj,2105,5970,0,0,0,0,5970,Triangle
PlantIndoors,D00049.obj,78288,26096,0,0,0,0,26096,Triangle
PlantIndoors,D00073.obj,49944,16648,0,0,0,0,16648,Triangle
PlantIndoors,D00080.obj,64127,34887,0,0,0,0,34887,Triangle
PlantIndoors,D00087.obj,3855,5054,0,0,0,0,5054,Triangle
PlantIndoors,D00128.obj,64866,21622,0,0,0,0,21622,Triangle
PlantIndoors,D00159.obj,98256,32752,0,0,0,0,32752,Triangle
PlantIndoors,D00238.obj,90234,30078,0,0,0,0,30078,Triangle
PlantIndoors,D00280.obj,32742,10914,0,0,0,0,10914,Triangle
PlantIndoors,D00370.obj,26784,8928,0,0,0,0,8928,Triangle
PlantIndoors,D00379.obj,31824,10608,0,0,0,0,10608,Triangle
PlantIndoors,D00466.obj,9900,3300,0,0,0,0,3300,Triangle
PlantIndoors,D00491.obj,20165,30052,0,0,0,0,30052,Triangle
PlantIndoors,D00595.obj,60624,20208,0,0,0,0,20208,Triangle
PlantIndoors,D00609.obj,32382,10794,0,0,0,0,10794,Triangle
PlantIndoors,D00622.obj,60282,20094,0,0,0,0,20094,Triangle
PlantIndoors,D00624.obj,45486,15162,0,0,0,0,15162,Triangle
PlantIndoors,D00657.obj,5801,7624,0,0,0,0,7624,Triangle
PlantIndoors,D00667.obj,1523,2064,0,0,0,0,2064,Triangle
PlantIndoors,D00800.obj,52263,17421,0,0,0,0,17421,Triangle
PlantIndoors,D00968.obj,34812,11604,0,0,0,0,11604,Triangle
PlantIndoors,m1000.obj,19105,26032,0,0,0,0,26032,Triangle
PlantIndoors,m1001.obj,11431,16584,0,0,0,0,16584,Triangle
PlantIndoors,m1002.obj,8260,10184,0,0,0,0,10184,Triangle
PlantIndoors,m1003.obj,8453,10544,0,0,0,0,10544,Triangle
PlantIndoors,m1004.obj,13242,17357,0,0,0,0,17357,Triangle
PlantIndoors,m1005.obj,17834,19610,0,0,0,0,19610,Triangle
PlantIndoors,m1006.obj,16333,25760,0,0,0,0,25760,Triangle
PlantIndoors,m1007.obj,7930,8864,0,0,0,0,8864,Triangle
PlantIndoors,m1008.obj,5383,7952,0,0,0,0,7952,Triangle
PlantIndoors,m1009.obj,5348,6764,0,0,0,0,6764,Triangle
PlantIndoors,m1010.obj,6257,7196,0,0,0,0,7196,Triangle
PlantIndoors,m1011.obj,7529,10680,0,0,0,0,10680,Triangle
PlantIndoors,m1012.obj,2950,4292,0,0,0,0,4292,Triangle
PlantIndoors,m1013.obj,6365,7424,0,0,0,0,7424,Triangle
PlantIndoors,m1014.obj,16404,20144,0,0,0,0,20144,Triangle
PlantIndoors,m1015.obj,1325,2111,0,0,0,0,2111,Triangle
PlantIndoors,m1016.obj,5307,7909,0,0,0,0,7909,Triangle
PlantIndoors,m1017.obj,13312,20016,0,0,0,0,20016,Triangle
PlantIndoors,m1018.obj,11666,15091,0,0,0,0,15091,Triangle
PlantIndoors,m1020.obj,18348,30014,0,0,0,0,30014,Triangle
PlantIndoors,m1021.obj,7641,11540,0,0,0,0,11540,Triangle
PlantIndoors,m1022.obj,7882,10842,0,0,0,0,10842,Triangle
PlantIndoors,m1023.obj,2659,3236,0,0,0,0,3236,Triangle
PlantIndoors,m1025.obj,6696,10794,0,0,0,0,10794,Triangle
PlantIndoors,m1026.obj,1522,2064,0,0,0,0,2064,Triangle
PlantIndoors,m1027.obj,3855,5054,0,0,0,0,5054,Triangle
PlantIndoors,m1029.obj,316,548,0,0,0,0,548,Triangle
PlantIndoors,m1030.obj,395,692,0,0,0,0,692,Triangle
PlantIndoors,m1031.obj,729,1284,0,0,0,0,1284,Triangle
PlantIndoors,m1032.obj,96,156,0,0,0,0,156,Triangle
PlantIndoors,m1033.obj,197,480,0,0,0,0,480,Triangle
PlantIndoors,m1034.obj,228,426,0,0,0,0,426,Triangle
PlantIndoors,m1035.obj,1787,3360,0,0,0,0,3360,Triangle
PlantIndoors,m1036.obj,234,401,0,0,0,0,401,Triangle
PlantIndoors,m989.obj,1027,1024,0,0,0,0,1024,Triangle
PlantIndoors,m990.obj,491,644,0,0,0,0,644,Triangle
PlantIndoors,m991.obj,4867,6370,0,0,0,0,6370,Triangle
PlantIndoors,m992.obj,491,644,0,0,0,0,644,Triangle
PlantIndoors,m993.obj,220,320,0,0,0,0,320,Triangle
PlantIndoors,m994.obj,395,454,0,0,0,0,454,Triangle
PlantIndoors,m995.obj,7323,8448,0,0,0,0,8448,Triangle
PlantIndoors,m996.obj,623,1129,0,0,0,0,1129,Triangle
PlantIndoors,m997.obj,695,723,0,0,0,0,723,Triangle
PlantIndoors,m998.obj,318,478,0,0,0,0,478,Triangle
PlantIndoors,m999.obj,1235,1277,0,0,0,0,1277,Triangle
PlantWildNonTree,m1052.obj,342,186,0,0,0,0,186,Triangle
PlantWildNonTree,m961.obj,6513,9427,0,0,0,0,9427,Triangle
PlantWildNonTree,m962.obj,15136,19104,0,0,0,0,19104,Triangle
PlantWildNonTree,m963.obj,11548,15008,0,0,0,0,15008,Triangle
PlantWildNonTree,m964.obj,13950,18851,0,0,0,0,18851,Triangle
PlantWildNonTree,m965.obj,13871,22999,0,0,0,0,22999,Triangle
PlantWildNonTree,m966.obj,7920,5280,0,0,0,0,5280,Triangle
PlantWildNonTree,m967.obj,12982,16912,0,0,0,0,16912,Triangle
PlantWildNonTree,m968.obj,9018,11712,0,0,0,0,11712,Triangle
PlantWildNonTree,m971.obj,3962,3452,0,0,0,0,3452,Triangle
PlantWildNonTree,m972.obj,16197,15295,0,0,0,0,15295,Triangle
PlantWildNonTree,m973.obj,15492,24673,0,0,0,0,24673,Triangle
PlantWildNonTree,m974.obj,379,358,0,0,0,0,358,Triangle
PlantWildNonTree,m975.obj,241,450,0,0,0,0,450,Triangle
PlantWildNonTree,m976.obj,1272,1889,0,0,0,0,1889,Triangle
PlantWildNonTree,m977.obj,1548,3044,0,0,0,0,3044,Triangle
PlantWildNonTree,m978.obj,3411,3966,0,0,0,0,3966,Triangle
PlantWildNonTree,m979.obj,1236,1070,0,0,0,0,1070,Triangle
PlantWildNonTree,m980.obj,8937,16005,0,0,0,0,16005,Triangle
PlantWildNonTree,m981.obj,927,2200,0,0,0,0,2200,Triangle
PlantWildNonTree,m982.obj,332,600,0,0,0,0,600,Triangle
PlantWildNonTree,m983.obj,70,74,0,0,0,0,74,Triangle
PlantWildNonTree,m984.obj,849,982,0,0,0,0,982,Triangle
PlantWildNonTree,m985.obj,50833,88945,0,0,0,0,88945,Triangle
PlantWildNonTree,m986.obj,6656,13512,0,0,0,0,13512,Triangle
PlantWildNonTree,m987.obj,850,982,0,0,0,0,982,Triangle
PlantWildNonTree,m988.obj,3093,6000,0,0,0,0,6000,Triangle
Quadruped,D00111.obj,2315,4574,0,0,0,0,4574,Triangle
Quadruped,D00150.obj,24936,23530,0,0,0,0,23530,Triangle
Quadruped,D00218.obj,3666,7040,0,0,0,0,7040,Triangle
Quadruped,D00226.obj,2949,5803,0,0,0,0,5803,Triangle
Quadruped,D00261.obj,3093,5788,0,0,0,0,5788,Triangle
Quadruped,D00326.obj,3077,6052,0,0,0,0,6052,Triangle
Quadruped,D00380.obj,505,874,0,0,0,0,874,Triangle
Quadruped,D00409.obj,12515,24612,0,0,0,0,24612,Triangle
Quadruped,D00508.obj,11910,20746,0,0,0,0,20746,Triangle
Quadruped,D00509.obj,8159,14620,0,0,0,0,14620,Triangle
Quadruped,D00583.obj,20126,37418,0,0,0,0,37418,Triangle
Quadruped,D00663.obj,12046,20871,0,0,0,0,20871,Triangle
Quadruped,D00700.obj,9174,13992,0,0,0,0,13992,Triangle
Quadruped,D00757.obj,3240,6041,0,0,0,0,6041,Triangle
Quadruped,D00794.obj,8184,15018,0,0,0,0,15018,Triangle
Quadruped,D00795.obj,13081,21595,0,0,0,0,21595,Triangle
Quadruped,D00831.obj,1614,3169,0,0,0,0,3169,Triangle
Quadruped,D00841.obj,2100,4159,0,0,0,0,4159,Triangle
Quadruped,D00867.obj,7873,12676,0,0,0,0,12676,Triangle
Quadruped,D00934.obj,1971,3888,0,0,0,0,3888,Triangle
Quadruped,m100.obj,606,1208,0,0,0,0,1208,Triangle
Quadruped,m101.obj,1143,2180,0,0,0,0,2180,Triangle
Quadruped,m102.obj,127,226,0,0,0,0,226,Triangle
Quadruped,m103.obj,16049,31432,0,0,0,0,31432,Triangle
Quadruped,m104.obj,233,462,0,0,0,0,462,Triangle
Quadruped,m105.obj,146,260,0,0,0,0,260,Triangle
Quadruped,m106.obj,346,690,0,0,0,0,690,Triangle
Quadruped,m107.obj,3051,6052,0,0,0,0,6052,Triangle
Quadruped,m108.obj,11105,22258,0,0,0,0,22258,Triangle
Quadruped,m109.obj,1288,2520,0,0,0,0,2520,Triangle
Quadruped,m110.obj,453,902,0,0,0,0,902,Triangle
Quadruped,m111.obj,1238,2442,0,0,0,0,2442,Triangle
Quadruped,m112.obj,7691,15294,0,0,0,0,15294,Triangle
Quadruped,m273.obj,485,942,0,0,0,0,942,Triangle
Quadruped,m274.obj,23984,47904,0,0,0,0,47904,Triangle
Quadruped,m275.obj,20586,41168,0,0,0,0,41168,Triangle
Quadruped,m276.obj,2309,4587,0,0,0,0,4587,Triangle
Quadruped,m277.obj,445,874,0,0,0,0,874,Triangle
Quadruped,m278.obj,359,646,0,0,0,0,646,Triangle
Quadruped,m279.obj,275,524,0,0,0,0,524,Triangle
Quadruped,m280.obj,2894,5504,0,0,0,0,5504,Triangle
Quadruped,m281.obj,10119,20198,0,0,0,0,20198,Triangle
Quadruped,m282.obj,1848,3587,0,0,0,0,3587,Triangle
Quadruped,m86.obj,176,245,0,0,0,0,245,Triangle
Quadruped,m87.obj,691,1331,0,0,0,0,1331,Triangle
Quadruped,m88.obj,1618,3220,0,0,0,0,3220,Triangle
Quadruped,m89.obj,12515,25030,0,0,0,0,25030,Triangle
Quadruped,m90.obj,1783,3526,0,0,0,0,3526,Triangle
Quadruped,m91.obj,1614,3169,0,0,0,0,3169,Triangle
Quadruped,m92.obj,1971,3888,0,0,0,0,3888,Triangle
Quadruped,m93.obj,278,464,0,0,0,0,464,Triangle
Quadruped,m94.obj,3332,6328,0,0,0,0,6328,Triangle
Quadruped,m95.obj,956,1908,0,0,0,0,1908,Triangle
Quadruped,m96.obj,5169,10061,0,0,0,0,10061,Triangle
Quadruped,m97.obj,3601,7083,0,0,0,0,7083,Triangle
Quadruped,m98.obj,4195,8236,0,0,0,0,8236,Triangle
Quadruped,m99.obj,1450,2888,0,0,0,0,2888,Triangle
RectangleTable,D00134.obj,224,422,0,0,0,0,422,Triangle
RectangleTable,D00187.obj,2136,3688,0,0,0,0,3688,Triangle
RectangleTable,D00188.obj,240,120,0,0,0,0,120,Triangle
RectangleTable,D00230.obj,3713,6676,0,0,0,0,6676,Triangle
RectangleTable,D00243.obj,1066,1648,0,0,0,0,1648,Triangle
RectangleTable,D00295.obj,190,360,0,0,0,0,360,Triangle
RectangleTable,D00302.obj,134,216,0,0,0,0,216,Triangle
RectangleTable,D00317.obj,1042,2706,0,0,0,0,2706,Triangle
RectangleTable,D00418.obj,2003,6267,0,0,0,0,6267,Triangle
RectangleTable,D00421.obj,99,166,0,0,0,0,166,Triangle
RectangleTable,D00505.obj,189,334,0,0,0,0,334,Triangle
RectangleTable,D00523.obj,12600,25140,0,0,0,0,25140,Triangle
RectangleTable,D00530.obj,210,340,0,0,0,0,340,Triangle
RectangleTable,D00571.obj,1245,2409,0,0,0,0,2409,Triangle
RectangleTable,D00603.obj,7282,13672,0,0,0,0,13672,Triangle
RectangleTable,D00678.obj,1768,3419,0,0,0,0,3419,Triangle
RectangleTable,D00714.obj,672,960,0,0,0,0,960,Triangle
RectangleTable,D00766.obj,2973,8352,0,0,0,0,8352,Triangle
RectangleTable,D00944.obj,1016,1996,0,0,0,0,1996,Triangle
RectangleTable,D00954.obj,652,1052,0,0,0,0,1052,Triangle
RectangleTable,m763.obj,116,136,0,0,0,0,136,Triangle
RectangleTable,m764.obj,72,121,0,0,0,0,121,Triangle
RectangleTable,m765.obj,1005,1726,0,0,0,0,1726,Triangle
RectangleTable,m870.obj,48,92,0,0,0,0,92,Triangle
RectangleTable,m871.obj,60,184,0,0,0,0,184,Triangle
RectangleTable,m872.obj,2229,4413,0,0,0,0,4413,Triangle
RectangleTable,m873.obj,679,1206,0,0,0,0,1206,Triangle
RectangleTable,m874.obj,68,88,0,0,0,0,88,Triangle
RectangleTable,m875.obj,528,744,0,0,0,0,744,Triangle
RectangleTable,m876.obj,44,52,0,0,0,0,52,Triangle
RectangleTable,m877.obj,56,84,0,0,0,0,84,Triangle
RectangleTable,m878.obj,320,534,0,0,0,0,534,Triangle
RectangleTable,m879.obj,276,556,0,0,0,0,556,Triangle
RectangleTable,m881.obj,60,86,0,0,0,0,86,Triangle
RectangleTable,m882.obj,598,1072,0,0,0,0,1072,Triangle
RectangleTable,m883.obj,96,172,0,0,0,0,172,Triangle
RectangleTable,m886.obj,996,2432,0,0,0,0,2432,Triangle
RectangleTable,m887.obj,340,616,0,0,0,0,616,Triangle
RectangleTable,m888.obj,36,60,0,0,0,0,60,Triangle
RectangleTable,m889.obj,511,1018,0,0,0,0,1018,Triangle
RectangleTable,m890.obj,508,979,0,0,0,0,979,Triangle
RectangleTable,m891.obj,190,360,0,0,0,0,360,Triangle
RectangleTable,m892.obj,174,288,0,0,0,0,288,Triangle
RectangleTable,m893.obj,184,292,0,0,0,0,292,Triangle
RectangleTable,m894.obj,80,100,0,0,0,0,100,Triangle
RectangleTable,m895.obj,80,100,0,0,0,0,100,Triangle
RectangleTable,m896.obj,144,160,0,0,0,0,160,Triangle
RectangleTable,m897.obj,128,152,0,0,0,0,152,Triangle
RectangleTable,m898.obj,288,348,0,0,0,0,348,Triangle
RectangleTable,m901.obj,190,360,0,0,0,0,360,Triangle
RectangleTable,m902.obj,198,372,0,0,0,0,372,Triangle
RectangleTable,m904.obj,128,152,0,0,0,0,152,Triangle
RectangleTable,m905.obj,48,67,0,0,0,0,67,Triangle
RectangleTable,m906.obj,178,312,0,0,0,0,312,Triangle
RectangleTable,m907.obj,158,214,0,0,0,0,214,Triangle
RectangleTable,m908.obj,288,348,0,0,0,0,348,Triangle
RectangleTable,m910.obj,352,1136,0,0,0,0,1136,Triangle
RectangleTable,m912.obj,36,60,0,0,0,0,60,Triangle
RectangleTable,m913.obj,104,188,0,0,0,0,188,Triangle
RectangleTable,m914.obj,576,956,0,0,0,0,956,Triangle
RectangleTable,m915.obj,40,60,0,0,0,0,60,Triangle
RectangleTable,m917.obj,96,172,0,0,0,0,172,Triangle
RectangleTable,m919.obj,78,124,0,0,0,0,124,Triangle
RectangleTable,m920.obj,426,736,0,0,0,0,736,Triangle
Rocket,D00015.obj,88,156,0,0,0,0,156,Triangle
Rocket,D00343.obj,1053,2008,0,0,0,0,2008,Triangle
Rocket,D00346.obj,1508,2904,0,0,0,0,2904,Triangle
Rocket,D00354.obj,3242,6348,0,0,0,0,6348,Triangle
Rocket,D00426.obj,36,56,0,0,0,0,56,Triangle
Rocket,D00428.obj,1175,2048,0,0,0,0,2048,Triangle
Rocket,D00433.obj,170,304,0,0,0,0,304,Triangle
Rocket,D00437.obj,1810,3910,0,0,0,0,3910,Triangle
Rocket,D00472.obj,93,108,0,0,0,0,108,Triangle
Rocket,D00485.obj,2101,4064,0,0,0,0,4064,Triangle
Rocket,D00528.obj,204,392,0,0,0,0,392,Triangle
Rocket,D00564.obj,73398,24466,0,0,0,0,24466,Triangle
Rocket,D00585.obj,1014,1728,0,0,0,0,1728,Triangle
Rocket,D00614.obj,161,224,0,0,0,0,224,Triangle
Rocket,D00697.obj,217,430,0,0,0,0,430,Triangle
Rocket,D00719.obj,7915,12970,0,0,0,0,12970,Triangle
Rocket,D00764.obj,250,400,0,0,0,0,400,Triangle
Rocket,D00851.obj,1175,2048,0,0,0,0,2048,Triangle
Rocket,D00942.obj,186,368,0,0,0,0,368,Triangle
Rocket,D00975.obj,46038,15346,0,0,0,0,15346,Triangle
RoundTable,D00083.obj,1072,2040,0,0,0,0,2040,Triangle
RoundTable,D00094.obj,12414,24720,0,0,0,0,24720,Triangle
RoundTable,D00107.obj,356,904,0,0,0,0,904,Triangle
RoundTable,D00194.obj,371,604,0,0,0,0,604,Triangle
RoundTable,D00344.obj,136,236,0,0,0,0,236,Triangle
RoundTable,D00401.obj,355,551,0,0,0,0,551,Triangle
RoundTable,D00407.obj,215,408,0,0,0,0,408,Triangle
RoundTable,D00492.obj,13002,25984,0,0,0,0,25984,Triangle
RoundTable,D00501.obj,744,1468,0,0,0,0,1468,Triangle
RoundTable,D00503.obj,1706,3316,0,0,0,0,3316,Triangle
RoundTable,D00524.obj,1141,2262,0,0,0,0,2262,Triangle
RoundTable,D00581.obj,4126,1526,0,0,0,0,1526,Triangle
RoundTable,D00646.obj,1921,3600,0,0,0,0,3600,Triangle
RoundTable,D00649.obj,2136,4256,0,0,0,0,4256,Triangle
RoundTable,D00702.obj,6647,13237,0,0,0,0,13237,Triangle
RoundTable,D00756.obj,837,1652,0,0,0,0,1652,Triangle
RoundTable,D00827.obj,1732,3436,0,0,0,0,3436,Triangle
RoundTable,D00866.obj,288,636,0,0,0,0,636,Triangle
RoundTable,D00909.obj,1238,2330,0,0,0,0,2330,Triangle
RoundTable,D00948.obj,1740,3464,0,0,0,0,3464,Triangle
RoundTable,m921.obj,1921,3600,0,0,0,0,3600,Triangle
RoundTable,m922.obj,54,88,0,0,0,0,88,Triangle
RoundTable,m923.obj,201,366,0,0,0,0,366,Triangle
RoundTable,m924.obj,215,408,0,0,0,0,408,Triangle
RoundTable,m925.obj,216,408,0,0,0,0,408,Triangle
RoundTable,m926.obj,218,408,0,0,0,0,408,Triangle
RoundTable,m927.obj,201,366,0,0,0,0,366,Triangle
RoundTable,m928.obj,463,752,0,0,0,0,752,Triangle
RoundTable,m929.obj,444,752,0,0,0,0,752,Triangle
RoundTable,m930.obj,501,978,0,0,0,0,978,Triangle
RoundTable,m931.obj,54,88,0,0,0,0,88,Triangle
RoundTable,m932.obj,10889,20594,0,0,0,0,20594,Triangle
RoundTable,m933.obj,55,100,0,0,0,0,100,Triangle
RoundTable,m934.obj,148,276,0,0,0,0,276,Triangle
RoundTable,m935.obj,128,241,0,0,0,0,241,Triangle
RoundTable,m937.obj,72,140,0,0,0,0,140,Triangle
RoundTable,m938.obj,422,840,0,0,0,0,840,Triangle
Shelf,D00057.obj,9850,6900,0,0,0,0,6900,Triangle
Shelf,D00074.obj,1903,1872,0,0,0,0,1872,Triangle
Shelf,D00129.obj,1207,684,0,0,0,0,684,Triangle
Shelf,D00171.obj,1505,2716,0,0,0,0,2716,Triangle
Shelf,D00198.obj,2064,2068,0,0,0,0,2068,Triangle
Shelf,D00242.obj,1874,3584,0,0,0,0,3584,Triangle
Shelf,D00337.obj,1628,2806,0,0,0,0,2806,Triangle
Shelf,D00352.obj,129,254,0,0,0,0,254,Triangle
Shelf,D00468.obj,960,1684,0,0,0,0,1684,Triangle
Shelf,D00592.obj,74,106,0,0,0,0,106,Triangle
Shelf,D00631.obj,6295,10712,0,0,0,0,10712,Triangle
Shelf,D00691.obj,5210,5004,0,0,0,0,5004,Triangle
Shelf,D00725.obj,5831,8126,0,0,0,0,8126,Triangle
Shelf,D00772.obj,202,306,0,0,0,0,306,Triangle
Shelf,D00781.obj,4773,6260,0,0,0,0,6260,Triangle
Shelf,D00818.obj,1872,2298,0,0,0,0,2298,Triangle
Shelf,D00881.obj,249,400,0,0,0,0,400,Triangle
Shelf,D00887.obj,261,404,0,0,0,0,404,Triangle
Shelf,D00917.obj,2452,4162,0,0,0,0,4162,Triangle
Shelf,D00956.obj,122,173,0,0,0,0,173,Triangle
Shelf,m844.obj,200,324,0,0,0,0,324,Triangle
Shelf,m845.obj,60,88,0,0,0,0,88,Triangle
Shelf,m846.obj,1101,2098,0,0,0,0,2098,Triangle
Shelf,m847.obj,158,244,0,0,0,0,244,Triangle
Shelf,m849.obj,128,192,0,0,0,0,192,Triangle
Shelf,m850.obj,184,300,0,0,0,0,300,Triangle
Shelf,m851.obj,68,120,0,0,0,0,120,Triangle
Shelf,m852.obj,104,228,0,0,0,0,228,Triangle
Shelf,m853.obj,100,228,0,0,0,0,228,Triangle
Shelf,m854.obj,96,204,0,0,0,0,204,Triangle
Shelf,m855.obj,46,44,0,0,0,0,44,Triangle
Shelf,m856.obj,64,96,0,0,0,0,96,Triangle
Shelf,m857.obj,112,168,0,0,0,0,168,Triangle
Shelf,m858.obj,48,28,0,0,0,0,28,Triangle
Shelf,m859.obj,2556,4716,0,0,0,0,4716,Triangle
Shelf,m860.obj,56,84,0,0,0,0,84,Triangle
Shelf,m861.obj,150,232,0,0,0,0,232,Triangle
Shelf,m862.obj,544,1024,0,0,0,0,1024,Triangle
Shelf,m863.obj,289,362,0,0,0,0,362,Triangle
Shelf,m864.obj,323,406,0,0,0,0,406,Triangle
Shelf,m865.obj,255,318,0,0,0,0,318,Triangle
Shelf,m866.obj,221,274,0,0,0,0,274,Triangle
Shelf,m868.obj,112,180,0,0,0,0,180,Triangle
Ship,D00027.obj,4202,4887,0,0,0,0,4887,Triangle
Ship,D00042.obj,2275,3816,0,0,0,0,3816,Triangle
Ship,D00099.obj,374,672,0,0,0,0,672,Triangle
Ship,D00175.obj,13725,26994,0,0,0,0,26994,Triangle
Ship,D00247.obj,6122,10530,0,0,0,0,10530,Triangle
Ship,D00258.obj,9284,10781,0,0,0,0,10781,Triangle
Ship,D00292.obj,4340,4887,0,0,0,0,4887,Triangle
Ship,D00429.obj,19361,36405,0,0,0,0,36405,Triangle
Ship,D00467.obj,5062,5504,0,0,0,0,5504,Triangle
Ship,D00539.obj,23858,41981,0,0,0,0,41981,Triangle
Ship,D00543.obj,7537,14375,0,0,0,0,14375,Triangle
Ship,D00647.obj,1713,3374,0,0,0,0,3374,Triangle
Ship,D00771.obj,33376,65300,0,0,0,0,65300,Triangle
Ship,D00791.obj,4200,4887,0,0,0,0,4887,Triangle
Ship,D00809.obj,40714,80272,0,0,0,0,80272,Triangle
Ship,D00837.obj,6122,10530,0,0,0,0,10530,Triangle
Ship,D00896.obj,4991,9542,0,0,0,0,9542,Triangle
Ship,D00907.obj,21442,18338,0,0,0,0,18338,Triangle
Ship,D00935.obj,124,200,0,0,0,0,200,Triangle
Ship,D00949.obj,2547,3668,0,0,0,0,3668,Triangle
Ship,m1427.obj,757,1084,0,0,0,0,1084,Triangle
Ship,m1428.obj,817,1083,0,0,0,0,1083,Triangle
Ship,m1429.obj,749,1039,0,0,0,0,1039,Triangle
Ship,m1430.obj,774,1032,0,0,0,0,1032,Triangle
Ship,m1431.obj,674,960,0,0,0,0,960,Triangle
Ship,m1432.obj,573,822,0,0,0,0,822,Triangle
Ship,m1433.obj,926,1227,0,0,0,0,1227,Triangle
Ship,m1434.obj,600,1077,0,0,0,0,1077,Triangle
Ship,m1435.obj,4241,4887,0,0,0,0,4887,Triangle
Ship,m1436.obj,1704,3340,0,0,0,0,3340,Triangle
Ship,m1437.obj,658,930,0,0,0,0,930,Triangle
Ship,m1438.obj,1309,2454,0,0,0,0,2454,Triangle
Ship,m1439.obj,428,848,0,0,0,0,848,Triangle
Ship,m1440.obj,4230,5977,0,0,0,0,5977,Triangle
Ship,m1441.obj,3153,4116,0,0,0,0,4116,Triangle
Ship,m1442.obj,6859,12554,0,0,0,0,12554,Triangle
Ship,m1444.obj,6251,11722,0,0,0,0,11722,Triangle
Ship,m1446.obj,6122,10530,0,0,0,0,10530,Triangle
Ship,m1447.obj,3189,6000,0,0,0,0,6000,Triangle
Ship,m1448.obj,182,328,0,0,0,0,328,Triangle
Ship,m1449.obj,330,660,0,0,0,0,660,Triangle
Ship,m1450.obj,98,156,0,0,0,0,156,Triangle
Ship,m1451.obj,775,1498,0,0,0,0,1498,Triangle
Ship,m1452.obj,776,1452,0,0,0,0,1452,Triangle
Ship,m1453.obj,7994,15870,0,0,0,0,15870,Triangle
Ship,m1454.obj,325,598,0,0,0,0,598,Triangle
Ship,m1455.obj,314,576,0,0,0,0,576,Triangle
Ship,m1456.obj,497,924,0,0,0,0,924,Triangle
Ship,m1457.obj,2333,4485,0,0,0,0,4485,Triangle
Ship,m1458.obj,2509,4698,0,0,0,0,4698,Triangle
Ship,m1459.obj,331,531,0,0,0,0,531,Triangle
Ship,m1460.obj,4892,9510,0,0,0,0,9510,Triangle
Ship,m1461.obj,12526,23024,0,0,0,0,23024,Triangle
Ship,m1462.obj,4916,9500,0,0,0,0,9500,Triangle
Ship,m1463.obj,629,1236,0,0,0,0,1236,Triangle
Ship,m1464.obj,2873,5534,0,0,0,0,5534,Triangle
Ship,m1465.obj,6923,10583,0,0,0,0,10583,Triangle
Ship,m1466.obj,9736,18939,0,0,0,0,18939,Triangle
Ship,m1467.obj,574,1076,0,0,0,0,1076,Triangle
Ship,m1468.obj,467,684,0,0,0,0,684,Triangle
Ship,m1469.obj,1724,3176,0,0,0,0,3176,Triangle
Ship,m1470.obj,145,270,0,0,0,0,270,Triangle
Ship,m1471.obj,2511,3552,0,0,0,0,3552,Triangle
Sign,m1670.obj,221,217,0,0,0,0,217,Triangle
Sign,m1671.obj,119,113,0,0,0,0,113,Triangle
Sign,m1672.obj,231,299,0,0,0,0,299,Triangle
Sign,m1673.obj,80,86,0,0,0,0,86,Triangle
Sign,m1674.obj,50,78,0,0,0,0,78,Triangle
Sign,m1675.obj,40,52,0,0,0,0,52,Triangle
Sign,m1676.obj,4031,8034,0,0,0,0,8034,Triangle
Sign,m1678.obj,642,1021,0,0,0,0,1021,Triangle
Sign,m1679.obj,417,786,0,0,0,0,786,Triangle
Sign,m1680.obj,360,708,0,0,0,0,708,Triangle
Sign,m1681.obj,6540,13032,0,0,0,0,13032,Triangle
Sign,m1682.obj,4492,8804,0,0,0,0,8804,Triangle
Sign,m1683.obj,3000,5896,0,0,0,0,5896,Triangle
Sign,m1684.obj,44,76,0,0,0,0,76,Triangle
Sign,m1685.obj,760,1344,0,0,0,0,1344,Triangle
Skyscraper,D00006.obj,48737,54489,0,0,0,0,54489,Triangle
Skyscraper,D00058.obj,73697,53448,0,0,0,0,53448,Triangle
Skyscraper,D00059.obj,12771,6932,0,0,0,0,6932,Triangle
Skyscraper,D00105.obj,8334,16159,0,0,0,0,16159,Triangle
Skyscraper,D00125.obj,18704,16194,0,0,0,0,16194,Triangle
Skyscraper,D00126.obj,39975,38308,0,0,0,0,38308,Triangle
Skyscraper,D00130.obj,1036,1672,0,0,0,0,1672,Triangle
Skyscraper,D00259.obj,50449,57938,0,0,0,0,57938,Triangle
Skyscraper,D00300.obj,6372,10967,0,0,0,0,10967,Triangle
Skyscraper,D00520.obj,51730,52041,0,0,0,0,52041,Triangle
Skyscraper,D00532.obj,19283,26932,0,0,0,0,26932,Triangle
Skyscraper,D00584.obj,28864,28622,0,0,0,0,28622,Triangle
Skyscraper,D00589.obj,6372,10976,0,0,0,0,10976,Triangle
Skyscraper,D00641.obj,3299,4363,0,0,0,0,4363,Triangle
Skyscraper,D00664.obj,10076,12812,0,0,0,0,12812,Triangle
Skyscraper,D00729.obj,51011,50113,0,0,0,0,50113,Triangle
Skyscraper,D00822.obj,10054,16987,0,0,0,0,16987,Triangle
Skyscraper,D00870.obj,65343,50778,0,0,0,0,50778,Triangle
Skyscraper,D00872.obj,365,668,0,0,0,0,668,Triangle
Skyscraper,D00998.obj,4708,5942,0,0,0,0,5942,Triangle
Spoon,D00014.obj,748,4485,0,0,0,0,4485,Triangle
Spoon,D00085.obj,575,3444,0,0,0,0,3444,Triangle
Spoon,D00144.obj,243,1407,0,0,0,0,1407,Triangle
Spoon,D00157.obj,386,2499,0,0,0,0,2499,Triangle
Spoon,D00196.obj,1512,4812,0,0,0,0,4812,Triangle
Spoon,D00338.obj,481,3021,0,0,0,0,3021,Triangle
Spoon,D00422.obj,109,528,0,0,0,0,528,Triangle
Spoon,D00474.obj,72,363,0,0,0,0,363,Triangle
Spoon,D00497.obj,144,852,0,0,0,0,852,Triangle
Spoon,D00517.obj,487,2697,0,0,0,0,2697,Triangle
Spoon,D00562.obj,4958,12999,0,0,0,0,12999,Triangle
Spoon,D00593.obj,144,918,0,0,0,0,918,Triangle
Spoon,D00661.obj,1848,10491,0,0,0,0,10491,Triangle
Spoon,D00669.obj,556,3324,0,0,0,0,3324,Triangle
Spoon,D00674.obj,173,966,0,0,0,0,966,Triangle
Spoon,D00683.obj,5039,3282,0,0,0,0,3282,Triangle
Spoon,D00790.obj,284,1623,0,0,0,0,1623,Triangle
Spoon,D00842.obj,291,1647,0,0,0,0,1647,Triangle
Spoon,D00927.obj,910,5448,0,0,0,0,5448,Triangle
Spoon,D00964.obj,211,1014,0,0,0,0,1014,Triangle
Starship,m1353.obj,2124,4147,0,0,0,0,4147,Triangle
Starship,m1354.obj,5724,11368,0,0,0,0,11368,Triangle
Starship,m1355.obj,7730,13354,0,0,0,0,13354,Triangle
Starship,m1356.obj,1946,3301,0,0,0,0,3301,Triangle
Starship,m1357.obj,9664,32216,0,0,0,0,32216,Triangle
Starship,m1358.obj,1196,1989,0,0,0,0,1989,Triangle
Starship,m1359.obj,265,508,0,0,0,0,508,Triangle
Starship,m1360.obj,2904,4231,0,0,0,0,4231,Triangle
Starship,m1361.obj,1038,2008,0,0,0,0,2008,Triangle
Starship,m1362.obj,13685,22912,0,0,0,0,22912,Triangle
Starship,m1364.obj,9018,18139,0,0,0,0,18139,Triangle
Starship,m1365.obj,718,1196,0,0,0,0,1196,Triangle
Starship,m1366.obj,568,1067,0,0,0,0,1067,Triangle
Starship,m1368.obj,31275,59739,0,0,0,0,59739,Triangle
Starship,m1369.obj,1004,1720,0,0,0,0,1720,Triangle
Starship,m1370.obj,1748,3401,0,0,0,0,3401,Triangle
Starship,m1371.obj,1558,2542,0,0,0,0,2542,Triangle
Starship,m1372.obj,3366,6344,0,0,0,0,6344,Triangle
Starship,m1373.obj,6098,11592,0,0,0,0,11592,Triangle
Starship,m1374.obj,8080,15507,0,0,0,0,15507,Triangle
Starship,m1375.obj,1694,3380,0,0,0,0,3380,Triangle
Starship,m1376.obj,467,944,0,0,0,0,944,Triangle
Starship,m1378.obj,2059,3804,0,0,0,0,3804,Triangle
Starship,m1379.obj,1018,1858,0,0,0,0,1858,Triangle
Starship,m1380.obj,11926,20996,0,0,0,0,20996,Triangle
Starship,m1381.obj,14225,27965,0,0,0,0,27965,Triangle
Starship,m1382.obj,7006,14044,0,0,0,0,14044,Triangle
Starship,m1383.obj,8722,31296,0,0,0,0,31296,Triangle
Starship,m1384.obj,3820,7365,0,0,0,0,7365,Triangle
Starship,m1385.obj,11132,20663,0,0,0,0,20663,Triangle
Starship,m1386.obj,1707,3384,0,0,0,0,3384,Triangle
SubmachineGun,D00052.obj,2258,4275,0,0,0,0,4275,Triangle
SubmachineGun,D00060.obj,577,1014,0,0,0,0,1014,Triangle
SubmachineGun,D00062.obj,2291,2964,0,0,0,0,2964,Triangle
SubmachineGun,D00064.obj,6530,13256,0,0,0,0,13256,Triangle
SubmachineGun,D00068.obj,19423,38396,0,0,0,0,38396,Triangle
SubmachineGun,D00119.obj,11791,23060,0,0,0,0,23060,Triangle
SubmachineGun,D00219.obj,1520,2532,0,0,0,0,2532,Triangle
SubmachineGun,D00256.obj,760,1326,0,0,0,0,1326,Triangle
SubmachineGun,D00371.obj,18170,31606,0,0,0,0,31606,Triangle
SubmachineGun,D00384.obj,1806,2216,0,0,0,0,2216,Triangle
SubmachineGun,D00431.obj,1783,2708,0,0,0,0,2708,Triangle
SubmachineGun,D00459.obj,24710,49474,0,0,0,0,49474,Triangle
SubmachineGun,D00489.obj,1434,2180,0,0,0,0,2180,Triangle
SubmachineGun,D00537.obj,3629,3190,0,0,0,0,3190,Triangle
SubmachineGun,D00613.obj,1424,2437,0,0,0,0,2437,Triangle
SubmachineGun,D00733.obj,4970,8831,0,0,0,0,8831,Triangle
SubmachineGun,D00878.obj,2027,2916,0,0,0,0,2916,Triangle
SubmachineGun,D00893.obj,170,281,0,0,0,0,281,Triangle
SubmachineGun,D00960.obj,182,294,0,0,0,0,294,Triangle
SubmachineGun,D00970.obj,451,785,0,0,0,0,785,Triangle
Sword,D00066.obj,18993,21764,0,0,0,0,21764,Triangle
Sword,D00071.obj,10920,21800,0,0,0,0,21800,Triangle
Sword,D00133.obj,13257,26446,0,0,0,0,26446,Triangle
Sword,D00149.obj,190,344,0,0,0,0,344,Triangle
Sword,D00162.obj,1150,2296,0,0,0,0,2296,Triangle
Sword,D00177.obj,5076,10136,0,0,0,0,10136,Triangle
Sword,D00195.obj,1429,2976,0,0,0,0,2976,Triangle
Sword,D00249.obj,15478,30816,0,0,0,0,30816,Triangle
Sword,D00356.obj,5012,6142,0,0,0,0,6142,Triangle
Sword,D00484.obj,6873,13168,0,0,0,0,13168,Triangle
Sword,D00513.obj,4136,7297,0,0,0,0,7297,Triangle
Sword,D00540.obj,8181,10922,0,0,0,0,10922,Triangle
Sword,D00635.obj,725,1238,0,0,0,0,1238,Triangle
Sword,D00712.obj,327,602,0,0,0,0,602,Triangle
Sword,D00807.obj,176,648,0,0,0,0,648,Triangle
Sword,D00808.obj,1787,3110,0,0,0,0,3110,Triangle
Sword,D00812.obj,3694,12652,0,0,0,0,12652,Triangle
Sword,D00906.obj,14621,29204,0,0,0,0,29204,Triangle
Sword,D00916.obj,2993,7470,0,0,0,0,7470,Triangle
Sword,D00992.obj,5872,11648,0,0,0,0,11648,Triangle
Sword,m687.obj,800,1504,0,0,0,0,1504,Triangle
Sword,m688.obj,1977,3938,0,0,0,0,3938,Triangle
Sword,m689.obj,178,360,0,0,0,0,360,Triangle
Sword,m690.obj,180,368,0,0,0,0,368,Triangle
Sword,m691.obj,8583,16488,0,0,0,0,16488,Triangle
Sword,m692.obj,3694,12652,0,0,0,0,12652,Triangle
Sword,m693.obj,196,259,0,0,0,0,259,Triangle
Sword,m694.obj,2903,5667,0,0,0,0,5667,Triangle
Sword,m695.obj,9880,19712,0,0,0,0,19712,Triangle
Sword,m696.obj,5548,11609,0,0,0,0,11609,Triangle
Sword,m697.obj,526,1036,0,0,0,0,1036,Triangle
Sword,m698.obj,3949,7505,0,0,0,0,7505,Triangle
Sword,m699.obj,557,1112,0,0,0,0,1112,Triangle
Sword,m700.obj,800,1504,0,0,0,0,1504,Triangle
Sword,m701.obj,960,1900,0,0,0,0,1900,Triangle
Sword,m702.obj,1005,2000,0,0,0,0,2000,Triangle
Sword,m703.obj,588,1100,0,0,0,0,1100,Triangle
Sword,m704.obj,408,812,0,0,0,0,812,Triangle
Sword,m705.obj,7910,15768,0,0,0,0,15768,Triangle
Sword,m707.obj,4325,8628,0,0,0,0,8628,Triangle
Sword,m709.obj,6598,13168,0,0,0,0,13168,Triangle
Sword,m710.obj,10936,21764,0,0,0,0,21764,Triangle
Sword,m711.obj,9457,17701,0,0,0,0,17701,Triangle
Sword,m712.obj,4890,9314,0,0,0,0,9314,Triangle
Sword,m713.obj,1023,2000,0,0,0,0,2000,Triangle
Sword,m714.obj,526,1036,0,0,0,0,1036,Triangle
Sword,m715.obj,5548,11609,0,0,0,0,11609,Triangle
Sword,m716.obj,4757,9573,0,0,0,0,9573,Triangle
Sword,m717.obj,18888,37283,0,0,0,0,37283,Triangle
Sword,m718.obj,361,710,0,0,0,0,710,Triangle
Sword,m719.obj,624,1228,0,0,0,0,1228,Triangle
Sword,m720.obj,318,620,0,0,0,0,620,Triangle
Sword,m721.obj,275,530,0,0,0,0,530,Triangle
Tool,D01003.obj,3963,7922,0,0,0,0,7922,Triangle
Tool,D01012.obj,4463,8922,0,0,0,0,8922,Triangle
Tool,D01040.obj,4794,9584,0,0,0,0,9584,Triangle
Tool,D01044.obj,5201,10398,0,0,0,0,10398,Triangle
Tool,D01069.obj,6198,12392,0,0,0,0,12392,Triangle
Tool,D01084.obj,4491,8978,0,0,0,0,8978,Triangle
Tool,D01086.obj,3804,7604,0,0,0,0,7604,Triangle
Tool,D01111.obj,4284,8564,0,0,0,0,8564,Triangle
Tool,D01113.obj,4407,8810,0,0,0,0,8810,Triangle
Tool,D01127.obj,6104,12204,0,0,0,0,12204,Triangle
Tool,D01131.obj,4487,8970,0,0,0,0,8970,Triangle
Tool,D01140.obj,3906,7808,0,0,0,0,7808,Triangle
Tool,D01142.obj,5110,10216,0,0,0,0,10216,Triangle
Tool,D01148.obj,4478,8952,0,0,0,0,8952,Triangle
Tool,D01152.obj,3942,7880,0,0,0,0,7880,Triangle
Tool,D01154.obj,5202,10400,0,0,0,0,10400,Triangle
Tool,D01156.obj,5508,11012,0,0,0,0,11012,Triangle
Tool,D01159.obj,4478,8952,0,0,0,0,8952,Triangle
Tool,D01165.obj,4457,8910,0,0,0,0,8910,Triangle
Tool,D01176.obj,4298,8592,0,0,0,0,8592,Triangle
Tool,m1099.obj,302,600,0,0,0,0,600,Triangle
Tool,m1100.obj,232,452,0,0,0,0,452,Triangle
Tool,m1101.obj,135,262,0,0,0,0,262,Triangle
Tool,m1102.obj,24,52,0,0,0,0,52,Triangle
Tool,m1103.obj,199,330,0,0,0,0,330,Triangle
Tool,m1104.obj,362,708,0,0,0,0,708,Triangle
Tool,m1105.obj,1550,3092,0,0,0,0,3092,Triangle
Tool,m1106.obj,1902,4076,0,0,0,0,4076,Triangle
Tool,m1107.obj,1116,2199,0,0,0,0,2199,Triangle
Tool,m1108.obj,2186,3756,0,0,0,0,3756,Triangle
Tool,m1109.obj,1490,2891,0,0,0,0,2891,Triangle
Tool,m1110.obj,850,1687,0,0,0,0,1687,Triangle
Tool,m1111.obj,523,1038,0,0,0,0,1038,Triangle
Tool,m1112.obj,316,621,0,0,0,0,621,Triangle
Tool,m1113.obj,2042,4076,0,0,0,0,4076,Triangle
Tool,m1114.obj,1344,2292,0,0,0,0,2292,Triangle
Tool,m1115.obj,1327,2266,0,0,0,0,2266,Triangle
Tool,m1116.obj,1155,2234,0,0,0,0,2234,Triangle
Tool,m1117.obj,1720,3424,0,0,0,0,3424,Triangle
Tool,m587.obj,4129,8230,0,0,0,0,8230,Triangle
Tool,m588.obj,3353,6594,0,0,0,0,6594,Triangle
Tool,m589.obj,2354,4046,0,0,0,0,4046,Triangle
Tool,m590.obj,4461,8017,0,0,0,0,8017,Triangle
Tool,m591.obj,3185,6381,0,0,0,0,6381,Triangle
Train,D01008.obj,4469,25020,0,0,0,0,25020,Triangle
Train,D01014.obj,4274,33993,0,0,0,0,33993,Triangle
Train,D01016.obj,7754,32214,0,0,0,0,32214,Triangle
Train,D01027.obj,4906,36708,0,0,0,0,36708,Triangle
Train,D01031.obj,1257,8559,0,0,0,0,8559,Triangle
Train,D01035.obj,3142,16074,0,0,0,0,16074,Triangle
Train,D01047.obj,5450,36372,0,0,0,0,36372,Triangle
Train,D01055.obj,10979,68304,0,0,0,0,68304,Triangle
Train,D01059.obj,7243,42255,0,0,0,0,42255,Triangle
Train,D01061.obj,6494,37149,0,0,0,0,37149,Triangle
Train,D01064.obj,5037,29523,0,0,0,0,29523,Triangle
Train,D01089.obj,4390,25806,0,0,0,0,25806,Triangle
Train,D01094.obj,454,3024,0,0,0,0,3024,Triangle
Train,D01095.obj,6385,32868,0,0,0,0,32868,Triangle
Train,D01134.obj,8721,43209,0,0,0,0,43209,Triangle
Train,D01137.obj,6422,39822,0,0,0,0,39822,Triangle
Train,D01147.obj,2424,13485,0,0,0,0,13485,Triangle
Train,D01149.obj,8616,43260,0,0,0,0,43260,Triangle
Train,D01163.obj,4522,26739,0,0,0,0,26739,Triangle
Train,D01180.obj,13612,85308,0,0,0,0,85308,Triangle
Train,m1578.obj,333,574,0,0,0,0,574,Triangle
Train,m1580.obj,1400,2568,0,0,0,0,2568,Triangle
Train,m1581.obj,11299,22000,0,0,0,0,22000,Triangle
Train,m1582.obj,8239,16328,0,0,0,0,16328,Triangle
Train,m1583.obj,309,573,0,0,0,0,573,Triangle
Train,m1584.obj,174,316,0,0,0,0,316,Triangle
Train,m1585.obj,5303,10241,0,0,0,0,10241,Triangle
Train,m1586.obj,5520,10581,0,0,0,0,10581,Triangle
Train,m1587.obj,4658,8999,0,0,0,0,8999,Triangle
Train,m1588.obj,4400,7716,0,0,0,0,7716,Triangle
Tree,D00096.obj,54223,36512,0,0,0,0,36512,Triangle
Tree,D00200.obj,19368,10908,0,0,0,0,10908,Triangle
Tree,D00221.obj,49630,51077,0,0,0,0,51077,Triangle
Tree,D00223.obj,58864,54644,0,0,0,0,54644,Triangle
Tree,D00367.obj,2903,3692,0,0,0,0,3692,Triangle
Tree,D00385.obj,12534,7366,0,0,0,0,7366,Triangle
Tree,D00393.obj,49528,41792,0,0,0,0,41792,Triangle
Tree,D00439.obj,36902,28551,0,0,0,0,28551,Triangle
Tree,D00456.obj,1936,1697,0,0,0,0,1697,Triangle
Tree,D00479.obj,28407,35761,0,0,0,0,35761,Triangle
Tree,D00533.obj,31972,18412,0,0,0,0,18412,Triangle
Tree,D00573.obj,23696,23680,0,0,0,0,23680,Triangle
Tree,D00612.obj,11385,4891,0,0,0,0,4891,Triangle
Tree,D00727.obj,56409,40642,0,0,0,0,40642,Triangle
Tree,D00765.obj,41501,29804,0,0,0,0,29804,Triangle
Tree,D00777.obj,21856,13758,0,0,0,0,13758,Triangle
Tree,D00810.obj,29528,25996,0,0,0,0,25996,Triangle
Tree,D00834.obj,52078,73042,0,0,0,0,73042,Triangle
Tree,D00911.obj,58369,46364,0,0,0,0,46364,Triangle
Tree,D00996.obj,29340,28868,0,0,0,0,28868,Triangle
Tree,m1050.obj,5410,4629,0,0,0,0,4629,Triangle
Tree,m1062.obj,334,692,0,0,0,0,692,Triangle
Tree,m1063.obj,470,932,0,0,0,0,932,Triangle
Tree,m1064.obj,2681,1800,0,0,0,0,1800,Triangle
Tree,m1065.obj,3007,1610,0,0,0,0,1610,Triangle
Tree,m1066.obj,1904,2042,0,0,0,0,2042,Triangle
Tree,m1067.obj,1058,1756,0,0,0,0,1756,Triangle
Tree,m1068.obj,1366,1892,0,0,0,0,1892,Triangle
Tree,m1069.obj,18418,17436,0,0,0,0,17436,Triangle
Tree,m1070.obj,1194,1134,0,0,0,0,1134,Triangle
Tree,m1071.obj,1086,1812,0,0,0,0,1812,Triangle
Tree,m1072.obj,1356,1296,0,0,0,0,1296,Triangle
Tree,m1075.obj,574,1112,0,0,0,0,1112,Triangle
Tree,m1077.obj,832,1471,0,0,0,0,1471,Triangle
Tree,m1078.obj,724,696,0,0,0,0,696,Triangle
Tree,m1079.obj,155,260,0,0,0,0,260,Triangle
Tree,m1082.obj,82,140,0,0,0,0,140,Triangle
Tree,m1086.obj,6247,6856,0,0,0,0,6856,Triangle
Tree,m1089.obj,170,264,0,0,0,0,264,Triangle
Tree,m1090.obj,5482,10928,0,0,0,0,10928,Triangle
Tree,m1091.obj,2457,3814,0,0,0,0,3814,Triangle
Tree,m1092.obj,337,638,0,0,0,0,638,Triangle
Tree,m1093.obj,1197,1954,0,0,0,0,1954,Triangle
Tree,m1095.obj,1303,1445,0,0,0,0,1445,Triangle
Tree,m1096.obj,835,1376,0,0,0,0,1376,Triangle
Tree,m1097.obj,35,31,0,0,0,0,31,Triangle
Tree,m1098.obj,3441,3701,0,0,0,0,3701,Triangle
Truck,D00002.obj,482,2520,0,0,0,0,2520,Triangle
Truck,D00003.obj,6683,37098,0,0,0,0,37098,Triangle
Truck,D00010.obj,6939,38910,0,0,0,0,38910,Triangle
Truck,D00029.obj,5209,38331,0,0,0,0,38331,Triangle
Truck,D00047.obj,3644,21885,0,0,0,0,21885,Triangle
Truck,D00056.obj,4148,21741,0,0,0,0,21741,Triangle
Truck,D00112.obj,7853,47286,0,0,0,0,47286,Triangle
Truck,D00158.obj,8315,46152,0,0,0,0,46152,Triangle
Truck,D00241.obj,1162,6990,0,0,0,0,6990,Triangle
Truck,D00287.obj,5290,30009,0,0,0,0,30009,Triangle
Truck,D00303.obj,8955,54603,0,0,0,0,54603,Triangle
Truck,D00331.obj,4990,34089,0,0,0,0,34089,Triangle
Truck,D00406.obj,1419,9108,0,0,0,0,9108,Triangle
Truck,D00424.obj,3725,34776,0,0,0,0,34776,Triangle
Truck,D00518.obj,5427,32121,0,0,0,0,32121,Triangle
Truck,D00804.obj,6576,35157,0,0,0,0,35157,Triangle
Truck,D00835.obj,11749,69420,0,0,0,0,69420,Triangle
Truck,D00926.obj,5602,39495,0,0,0,0,39495,Triangle
Truck,D00947.obj,2530,15906,0,0,0,0,15906,Triangle
Truck,D00987.obj,13228,78354,0,0,0,0,78354,Triangle
Truck,m1570.obj,1445,3111,0,0,0,0,3111,Triangle
Truck,m1571.obj,12792,23350,0,0,0,0,23350,Triangle
Truck,m1572.obj,9614,18340,0,0,0,0,18340,Triangle
Truck,m1573.obj,1461,2788,0,0,0,0,2788,Triangle
Truck,m1574.obj,3780,7402,0,0,0,0,7402,Triangle
Truck,m1575.obj,47209,92176,0,0,0,0,92176,Triangle
Truck,m1576.obj,3519,7038,0,0,0,0,7038,Triangle
TruckNonContainer,D00055.obj,7636,45843,0,0,0,0,45843,Triangle
TruckNonContainer,D00143.obj,3622,30261,0,0,0,0,30261,Triangle
TruckNonContainer,D00148.obj,2448,14064,0,0,0,0,14064,Triangle
TruckNonContainer,D00215.obj,4409,23541,0,0,0,0,23541,Triangle
TruckNonContainer,D00252.obj,2288,13668,0,0,0,0,13668,Triangle
TruckNonContainer,D00266.obj,6898,39423,0,0,0,0,39423,Triangle
TruckNonContainer,D00267.obj,6035,36387,0,0,0,0,36387,Triangle
TruckNonContainer,D00275.obj,5510,32640,0,0,0,0,32640,Triangle
TruckNonContainer,D00283.obj,6979,34398,0,0,0,0,34398,Triangle
TruckNonContainer,D00353.obj,11914,72831,0,0,0,0,72831,Triangle
TruckNonContainer,D00553.obj,7248,42048,0,0,0,0,42048,Triangle
TruckNonContainer,D00572.obj,4657,33006,0,0,0,0,33006,Triangle
TruckNonContainer,D00608.obj,7112,39882,0,0,0,0,39882,Triangle
TruckNonContainer,D00619.obj,5231,31575,0,0,0,0,31575,Triangle
TruckNonContainer,D00699.obj,5071,34131,0,0,0,0,34131,Triangle
TruckNonContainer,D00731.obj,4918,37590,0,0,0,0,37590,Triangle
TruckNonContainer,D00737.obj,2578,13452,0,0,0,0,13452,Triangle
TruckNonContainer,D00783.obj,5246,30654,0,0,0,0,30654,Triangle
TruckNonContainer,D00879.obj,4278,25308,0,0,0,0,25308,Triangle
TruckNonContainer,D00943.obj,8852,45708,0,0,0,0,45708,Triangle
Vase,m527.obj,176,348,0,0,0,0,348,Triangle
Vase,m528.obj,3128,6132,0,0,0,0,6132,Triangle
Vase,m529.obj,1750,3121,0,0,0,0,3121,Triangle
Vase,m531.obj,1296,2592,0,0,0,0,2592,Triangle
Vase,m532.obj,240,480,0,0,0,0,480,Triangle
Vase,m533.obj,32,68,0,0,0,0,68,Triangle
Vase,m534.obj,241,480,0,0,0,0,480,Triangle
Vase,m535.obj,176,320,0,0,0,0,320,Triangle
Vase,m536.obj,4578,9152,0,0,0,0,9152,Triangle
Vase,m537.obj,504,1008,0,0,0,0,1008,Triangle
Vase,m538.obj,301,638,0,0,0,0,638,Triangle
Vase,m539.obj,2526,5004,0,0,0,0,5004,Triangle
Vase,m540.obj,304,604,0,0,0,0,604,Triangle
Vase,m541.obj,312,1196,0,0,0,0,1196,Triangle
Vase,m542.obj,296,572,0,0,0,0,572,Triangle
Vase,m543.obj,624,1196,0,0,0,0,1196,Triangle
Vase,m544.obj,1002,2000,0,0,0,0,2000,Triangle
Vase,m545.obj,402,800,0,0,0,0,800,Triangle
Vase,m546.obj,1002,2000,0,0,0,0,2000,Triangle
Vase,m547.obj,529,1000,0,0,0,0,1000,Triangle
Violin,D00108.obj,1529,8214,0,0,0,0,8214,Triangle
Violin,D00216.obj,3864,24384,0,0,0,0,24384,Triangle
Violin,D00250.obj,4066,29310,0,0,0,0,29310,Triangle
Violin,D00324.obj,2454,15021,0,0,0,0,15021,Triangle
Violin,D00340.obj,4315,27552,0,0,0,0,27552,Triangle
Violin,D00349.obj,1299,7410,0,0,0,0,7410,Triangle
Violin,D00358.obj,7592,48261,0,0,0,0,48261,Triangle
Violin,D00376.obj,1069,6219,0,0,0,0,6219,Triangle
Violin,D00506.obj,2841,14943,0,0,0,0,14943,Triangle
Violin,D00570.obj,2297,11481,0,0,0,0,11481,Triangle
Violin,D00598.obj,6831,43521,0,0,0,0,43521,Triangle
Violin,D00602.obj,3627,22923,0,0,0,0,22923,Triangle
Violin,D00620.obj,771,4653,0,0,0,0,4653,Triangle
Violin,D00675.obj,4149,25794,0,0,0,0,25794,Triangle
Violin,D00701.obj,2198,13341,0,0,0,0,13341,Triangle
Violin,D00704.obj,799,4173,0,0,0,0,4173,Triangle
Violin,D00743.obj,466,3018,0,0,0,0,3018,Triangle
Violin,D00891.obj,1959,12369,0,0,0,0,12369,Triangle
Violin,D00898.obj,7672,41214,0,0,0,0,41214,Triangle
Violin,D00993.obj,7350,46929,0,0,0,0,46929,Triangle
Wheel,m733.obj,648,1296,0,0,0,0,1296,Triangle
Wheel,m734.obj,1396,1816,0,0,0,0,1816,Triangle
Wheel,m735.obj,720,1400,0,0,0,0,1400,Triangle
Wheel,m736.obj,504,972,0,0,0,0,972,Triangle
Wheel,m737.obj,3783,7110,0,0,0,0,7110,Triangle
Wheel,m738.obj,413,700,0,0,0,0,700,Triangle
Wheel,m739.obj,794,1624,0,0,0,0,1624,Triangle
Wheel,m740.obj,4352,7556,0,0,0,0,7556,Triangle
Wheel,m741.obj,722,1422,0,0,0,0,1422,Triangle
Wheel,m742.obj,256,508,0,0,0,0,508,Triangle
Wheel,m743.obj,512,1020,0,0,0,0,1020,Triangle
Wheel,m744.obj,3721,7442,0,0,0,0,7442,Triangle
Wheel,m745.obj,830,1660,0,0,0,0,1660,Triangle
Wheel,m746.obj,80,128,0,0,0,0,128,Triangle
Wheel,m747.obj,128,252,0,0,0,0,252,Triangle
Wheel,m748.obj,1247,2490,0,0,0,0,2490,Triangle
Wheel,m749.obj,160,315,0,0,0,0,315,Triangle
WheelChair,D00004.obj,27581,47752,0,0,0,0,47752,Triangle
WheelChair,D00070.obj,8476,16832,0,0,0,0,16832,Triangle
WheelChair,D00088.obj,26911,53400,0,0,0,0,53400,Triangle
WheelChair,D00183.obj,3475,5646,0,0,0,0,5646,Triangle
WheelChair,D00203.obj,867,1719,0,0,0,0,1719,Triangle
WheelChair,D00274.obj,2012,3167,0,0,0,0,3167,Triangle
WheelChair,D00290.obj,5009,9882,0,0,0,0,9882,Triangle
WheelChair,D00365.obj,7244,14412,0,0,0,0,14412,Triangle
WheelChair,D00394.obj,36064,58292,0,0,0,0,58292,Triangle
WheelChair,D00449.obj,27053,42060,0,0,0,0,42060,Triangle
WheelChair,D00453.obj,709,1012,0,0,0,0,1012,Triangle
WheelChair,D00499.obj,2362,4077,0,0,0,0,4077,Triangle
WheelChair,D00526.obj,679,1232,0,0,0,0,1232,Triangle
WheelChair,D00604.obj,986,1527,0,0,0,0,1527,Triangle
WheelChair,D00628.obj,29552,45128,0,0,0,0,45128,Triangle
WheelChair,D00687.obj,8188,16268,0,0,0,0,16268,Triangle
WheelChair,D00720.obj,43966,83378,0,0,0,0,83378,Triangle
WheelChair,D00782.obj,1144,1940,0,0,0,0,1940,Triangle
WheelChair,D00821.obj,8188,16268,0,0,0,0,16268,Triangle
WheelChair,D00846.obj,8834,17196,0,0,0,0,17196,Triangle
